danceability,energy,key,loudness,mode,speechiness,acousticness,instrumentalness,liveness,valence,tempo,track_id,duration_ms,time_signature,track_name,artist_name,release_date,release_date_num,track_popularity,album_name,artist_id,total_tracks,track_number,tracks_external_id
0.90,0.61,8.00,-9.50,0.00,0.10,0.16,0.05,0.10,0.84,112.02,2ZxeOER2sS3TSUvCzbzIUx,198316,5,Дико дикая,ЭGO,2019-11-29,43798,24,Дико дикая,6z0RqMOlBhJ1zgjcN5bw6d,1,1,FRX201934616
0.75,0.72,2.00,-6.69,1.00,0.04,0.37,0.02,0.23,0.59,137.02,4hyd1p5URvEZXLIk7Acu9y,119124,4,неволновайся,Салам,2019-11-28,43797,6,неволновайся,5Exan8U6vUA0AGDvVavzsD,1,1,FRX201946473
0.86,0.59,10.00,-6.26,0.00,0.04,0.08,0.00,0.11,0.47,100.01,0UU9DvkZhylamgkUwk1015,249600,4,Хайям,Tural Everest,2019-11-26,43795,16,Хайям,1GAgS4w3PCCjbA6JKEmlLc,1,1,FRX201929596
0.69,0.97,0.00,-3.44,0.00,0.25,0.23,0.00,0.07,0.75,121.98,3RqhDae1e8576OlNnfPD7e,227787,4,Царица ночи,Шамиль Кашешов,2019-11-22,43791,5,Царица ночи,5Cf8wc0BieFpCUdrY1eHrE,1,1,FRX201926928
0.43,0.81,10.00,-3.01,0.00,0.06,0.33,0.00,0.07,0.96,80.81,5ozvfbafNxzpYYIkXVLd69,189020,3,Дели,Арни Пашаян,2019-11-21,43790,1,Дели,28gc6lv2h6JqzvXi4TwNYx,1,1,FRX201926929
0.59,0.27,0.00,-12.01,0.00,0.03,0.83,0.07,0.12,0.52,111.71,7qh6aqb8Sr88V8CRIA6EhY,239909,4,Мама,Магамед Матаев,2019-11-20,43789,0,Чеченская гитара,2o84qEJKQ3zlkujPiTDAVo,11,5,RUA1H1915982
0.31,0.38,0.00,-17.97,0.00,0.06,0.85,0.00,0.30,0.59,186.67,37tbKpWlFJUZHwImiZflXi,170876,4,Эту песню под гитару,Магамед Матаев,2019-11-20,43789,0,Чеченская гитара,2o84qEJKQ3zlkujPiTDAVo,11,11,RUA1H1915988
0.49,0.43,2.00,-12.08,0.00,0.04,0.70,0.01,0.28,0.60,95.44,7xuYd8NWC6Q9b7Gp4QvonI,205473,4,А помнишь любимая,Магамед Матаев,2019-11-20,43789,0,Чеченская гитара,2o84qEJKQ3zlkujPiTDAVo,11,9,RUA1H1915986
0.77,0.95,7.00,-2.46,1.00,0.10,0.22,0.00,0.25,0.89,105.03,2aUoHYzj40KRTBorOGRbdu,269244,4,Лишь ты одна,Марат Пашаян,2019-11-20,43789,0,Лишь ты одна,4A1DgXUwnxpUihk4HCoQjk,7,4,FRX201926935
0.57,0.83,9.00,-5.02,0.00,0.20,0.21,0.00,0.34,0.81,92.07,4ZkMFKG9adt4rp5bYddIJE,266087,4,Девушки горянки,Резуан Маремуков,2019-11-19,43788,0,Девушки горянки,3CLQQOUCPnwuDshSCaidMP,3,2,FRX201920521
0.71,0.85,8.00,-5.83,0.00,0.04,0.29,0.00,0.29,0.61,99.98,4bDhXe0ai1lSmO3aNhCr8i,245850,4,С кем ты теперь,Братья Хубиевы,2019-11-15,43784,2,С кем ты теперь,2YzfZUN1x25oPiwZ0Eblwy,1,1,FRX201915209
0.68,0.93,1.00,-2.44,0.00,0.07,0.54,0.00,0.07,0.71,117.99,6x8h67UPH7vM3E3KCVUnPj,177243,4,Салам алейкум братьям,Ислам Итляшев,2019-11-15,43784,22,Салам алейкум братьям,10wTWA8McVIsmD0IRxYgoC,1,1,FRX201924838
0.65,0.97,6.00,-1.76,0.00,0.23,0.61,0.00,0.05,0.94,117.99,5nN6IEAYVGyKkadCwsTIkd,201483,4,Сын,Ислам Итляшев,2019-11-15,43784,19,Сын,10wTWA8McVIsmD0IRxYgoC,1,1,FRX201917331
0.70,0.83,5.00,-4.98,0.00,0.06,0.07,0.00,0.33,0.80,100.05,5IlVwsFdDjOmClUDwZtucA,214800,4,Лети моя любовь,Гюльназ Гаджикурбанова,2019-11-14,43783,2,Лети моя любовь,4OYyrTsPPCrfExrA1WrTGn,7,1,FRX201911612
0.81,0.96,7.00,-3.93,0.00,0.19,0.37,0.00,0.31,0.76,118.01,4PMm5LlXi8xGlgr6ZFlF4r,246186,4,Марокканская любовь,Гюльназ Гаджикурбанова,2019-11-14,43783,0,Лети моя любовь,4OYyrTsPPCrfExrA1WrTGn,7,2,FRX201911613
0.67,0.94,7.00,-4.20,0.00,0.09,0.04,0.00,0.34,0.71,110.06,7HTdptUnZYFgXspq0vLGRp,257455,4,Медовый билет,Гюльназ Гаджикурбанова,2019-11-14,43783,0,Лети моя любовь,4OYyrTsPPCrfExrA1WrTGn,7,7,FRX201911618
0.74,0.93,7.00,-3.42,1.00,0.09,0.04,0.00,0.28,0.84,100.00,68vuLhgU1ZXecQJSnUqDuP,249750,4,Моей невестой стала милая,Рейсан Магомедкеримов,2019-11-13,43782,1,Моей невестой стала милая,7gk8pVJvMK6zhWFlsgx3Xn,1,1,FRX201911620
0.80,0.82,9.00,-8.55,0.00,0.15,0.31,0.00,0.04,0.97,172.08,5pnQ3HBJi4MAEuPS61XJ35,238002,4,Личный сорт вина,Джашарбек Тешеллеев,2019-11-12,43781,0,Личный сорт вина,3pvsYryEZcYF03hiP5eMIE,1,1,FRX201911619
0.73,0.99,9.00,-4.88,0.00,0.04,0.24,0.00,0.14,0.80,126.99,2xEElD0bgmN7smxW2AHQNx,234606,4,Дарю я розы,Мурат Гочияев,2019-11-12,43781,4,Дарю я розы,3dBjpZvAOkuDNIJNPpXgCS,5,1,FRX201912780
0.57,0.94,11.00,-5.00,0.00,0.08,0.02,0.00,0.04,0.94,200.05,57zhmmGDX7S9vs0cZ2qEoo,194569,4,Селфи в Instagram,Мурат Гочияев,2019-11-12,43781,0,Дарю я розы,3dBjpZvAOkuDNIJNPpXgCS,5,3,FRX201912782
0.59,0.51,0.00,-7.45,1.00,0.05,0.32,0.00,0.11,0.52,102.05,53qYft5mMTPWjWWxZTAu1h,190642,4,Милая,Мурат Гочияев,2019-11-12,43781,1,Дарю я розы,3dBjpZvAOkuDNIJNPpXgCS,5,2,FRX201912781
0.84,0.93,11.00,-3.10,1.00,0.17,0.07,0.01,0.37,0.93,100.02,52z9T9bN8DAOkLPS3agh72,220200,4,Милашка,Эльдар Далгатов,2019-11-10,43779,10,Все хиты,6o620DGfd3Xj7rDUQH91tl,16,2,QZHZ41992357
0.74,0.80,10.00,-4.78,0.00,0.19,0.44,0.00,0.30,0.96,87.00,0wEmYOanc1i5LmGGXP3VrG,271217,4,Твои поцелуи,Ахмат Батчаев,2019-11-08,43777,8,Не звони,5EU5hHUi9nioRWdJJuJjUD,10,5,FRX201905312
0.72,0.85,9.00,-2.80,0.00,0.16,0.24,0.00,0.04,0.91,169.88,1DbPFL39SCT75C7yQIuF95,248529,4,Не звони,Ахмат Батчаев,2019-11-08,43777,1,Не звони,5EU5hHUi9nioRWdJJuJjUD,10,1,FRX201905308
0.69,0.97,0.00,-4.75,0.00,0.03,0.05,0.07,0.32,0.75,134.99,2CS4PsryZWrLhue6zXjlBy,241998,4,Сагынаман,Римма Утемисова,2019-11-08,43777,0,"Ногайские песни, Ч. 3",1EQgJ9admoMqc6W6hRMrg4,22,8,FRX201909127
0.76,0.96,2.00,-5.90,0.00,0.03,0.18,0.00,0.05,0.96,134.99,7sBn7htpSQqp8qPzTfC5tO,238222,4,Моя родная,Bzhambeev,2019-11-07,43776,0,Моя родная,6UyakMFz0HJ7jl24J5E71K,1,1,FRX201904405
0.75,0.96,10.00,-3.46,1.00,0.15,0.12,0.00,0.11,0.82,120.01,0A1zvi8ZnzCW6mbl8G4Q4r,233000,4,Свадьба,Мурад Гаджикурбанов,2019-11-07,43776,0,Красивая моя,4zRpHPuamWkgo7LUfkPnW6,4,2,FRX201905305
0.57,0.98,8.00,-2.75,1.00,0.31,0.03,0.00,0.13,0.44,120.06,6cJ0bxGsM6CjfdG3MHpwAO,251585,4,Грозный,Майрбек Хайдаров,2019-11-06,43775,0,Мысли о жизни,6dmlxooKn4pg0RDXkJvyGg,17,3,FRX201903283
0.69,0.85,8.00,-14.18,0.00,0.06,0.28,0.07,0.09,0.90,101.98,4zPWbWPDq11rYzt0mxmuYw,246898,4,Рустам Абреков - Чеченская Песня 2019 Спец Сигнал - Музыка Кавказа,Rustam Abrekov,2019-11-04,43773,1,Рустам Абреков,1DXpm2IaM7bFZoD4ib2zg0,6,1,RUA3R1928276
0.69,0.80,8.00,-8.68,0.00,0.05,0.50,0.00,0.12,0.92,99.86,3V4bIEFrp8nasG31Pn3e8d,212442,4,Моя любовь к тебе чиста,Разные исполнители,2019-11-02,43771,1,Чеченские песни (Часть 6),0LyfQWJT6nXafLPZqxe9Of,19,5,RUA1H1903565
0.72,0.97,2.00,-2.16,0.00,0.07,0.34,0.00,0.20,0.89,129.80,25SGV2hvq74PHTsoJkqf3u,247385,4,С днём рождения сынок,Мануэль Исаков,2019-11-01,43770,0,С днём рождения сынок,0LIthHoebUhcMmm43v0FoX,1,1,QMBZ91967174
0.60,0.87,7.00,-7.27,0.00,0.03,0.19,0.20,0.10,0.41,103.99,22flZIUdyD5nBReo4vnUn5,267050,4,Половина моя,Абакар Курбанадамов,2019-10-31,43769,1,Половина моя,1mCzy19xjMtAbOGppHH1ig,1,1,FR96X1994873
0.76,0.91,11.00,-4.33,0.00,0.04,0.01,0.00,0.09,0.84,128.03,1HrNHx3HaeN647NskxBjiV,258750,4,Детка,Манвел Пашаян,2019-10-31,43769,2,Детка,6T38TyJKrzUJekMhkTowWd,1,1,FRX201900306
0.60,0.87,0.00,-3.54,0.00,0.04,0.17,0.00,0.07,0.81,160.29,2Ov1SpXYJzE6c0jPKkdx8c,228187,4,Любовь-зараза,Саид Напсо,2019-10-31,43769,0,Любовь-зараза,3cp5W0lGszIDLbRiB7yJGI,1,1,FR96X1994871
0.69,0.47,0.00,-9.43,1.00,0.04,0.63,0.15,0.17,0.24,117.89,6ZBm1qWKcBvFEN3zduTrvm,335047,4,Рустам Абреков Песня Про Маму Ченская Песня 2019 - Музыка Кавказа,Rustam Abrekov,2019-10-30,43768,0,Рустам Абреков,1DXpm2IaM7bFZoD4ib2zg0,2,2,RUA3R1927760
0.71,0.92,10.00,-4.86,0.00,0.06,0.33,0.00,0.36,0.58,110.02,3db5cIEILQFieRCFhbEPUc,235636,4,Хасбулат,Братья Хубиевы,2019-10-22,43760,2,Хасбулат,2YzfZUN1x25oPiwZ0Eblwy,1,1,FR96X1986228
0.77,0.81,7.00,-6.55,0.00,0.08,0.00,0.00,0.14,0.65,119.99,1QhSIuOuZlhwkcwOQYOnZQ,256000,4,Каблучки,Аслан Кятов,2019-10-21,43759,17,Каблучки,5WLACj4UUMslTGZzxrNJQt,1,1,FR59R1879045
0.60,0.84,6.00,-3.97,0.00,0.03,0.12,0.00,0.08,0.46,96.99,5dNk0awP6tr2rckZHQYlLu,218129,3,Разлука,Руслан Агоев,2019-10-21,43759,12,Разлука,7EBrib4MA5hCJBaJvV3lir,1,1,FR96X1987067
0.62,0.55,0.00,-6.73,1.00,0.04,0.00,0.00,0.14,0.20,80.01,2kYkjVErv8F8hRWtxre2e3,144000,4,Связь поколений,Адлер Коцба,2019-10-17,43755,12,Связь поколений,4ajcoxNwqBPVy7NGDojgZo,1,1,FR96X1978553
0.59,0.70,11.00,-5.82,0.00,0.04,0.49,0.00,0.48,0.37,139.94,60CrwMcslMf2cq4aqQg8ke,259880,4,Г1арг1улеш,Разные исполнители,2019-10-16,43754,0,Город мира - наш Грозный,0LyfQWJT6nXafLPZqxe9Of,37,22,AEA0Q1990018
0.36,0.53,4.00,-5.57,0.00,0.03,0.58,0.00,0.12,0.32,73.43,3gt7FgsAW4EOZn1RtxtHMY,250202,4,Хочу вернуть,Расим Ибрагимов,2019-10-16,43754,0,Хочу вернуть,1u8Zn5pGPze5IUmu0hMXu9,1,1,FR96X1977468
0.61,0.95,7.00,-4.32,0.00,0.06,0.25,0.00,0.31,0.81,105.96,23NdUSjgQQkcbNxknEM617,207170,4,Старокувинский,Султан Лагучев,2019-10-16,43754,0,Старокувинский,4dsS37xSk8n0zdx7wRALNl,1,1,FR96X1978155
0.70,0.99,7.00,-3.21,1.00,0.18,0.33,0.00,0.28,0.65,133.94,2v8NG5rupMJcDSoW2qNEel,220603,4,Чергази,Астемир Апанасов,2019-10-15,43753,7,Чергази,2UxPhPElyhckjpncZ8YgRy,1,1,FR96X1989966
0.63,0.94,5.00,-2.67,0.00,0.07,0.73,0.00,0.21,0.90,77.98,7i2FBTnIhh3HbyPH0uTZ4m,225059,4,Чечня,Шарпуди Исмаилов,2019-10-15,43753,3,Чечня,2gQttYHiMpejeS5LPv8et3,1,1,GBLPF0242824
0.75,0.82,10.00,-4.10,0.00,0.09,0.03,0.00,0.49,0.78,90.03,40aUm8N7vWtuepmEpoot53,200500,4,Сердце как лёд,Рейсан Магомедкеримов,2019-10-14,43752,23,Сердце как лёд,7gk8pVJvMK6zhWFlsgx3Xn,1,1,FR96X1978152
0.63,0.93,8.00,-5.35,1.00,0.05,0.00,0.00,0.46,0.37,127.96,6mDRzZQF8ICX92vg1a3l96,255996,4,Дорога,Абакар Курбанадамов,2019-10-09,43747,0,Дорога,1mCzy19xjMtAbOGppHH1ig,1,1,FR96X1973762
0.44,0.90,1.00,-4.13,0.00,0.04,0.22,0.00,0.12,0.65,120.00,4kDFXnDdvxj1yKhW1tqR72,213760,4,Ты со мной,Fariz Fortuna,2019-10-04,43742,0,Ты со мной,6sUWVCV4XvzEPOxxWSeouC,16,1,QM7281998863
0.69,0.47,0.00,-12.05,1.00,0.03,0.15,0.03,0.03,0.34,120.02,00fUbdoH51icgTkh9BoVua,208000,4,Душа,RUSTAM & LIFE ELEMENTS,2019-10-04,43742,0,Душа,7bf6QOlqlNfW1Gj7CJyuzW,1,1,FR96X1969891
0.58,0.70,5.00,-5.43,0.00,0.10,0.87,0.00,0.14,0.52,150.03,7xljgpqIRWEMsy2RMRcpiJ,196362,4,Каприз,Мурад Байкаев,2019-10-04,43742,2,Каприз,0wGOiai52snHglJt8NZRrT,1,1,RUA3R1926222
0.69,0.96,0.00,-4.07,1.00,0.31,0.35,0.00,0.06,0.90,121.06,6oJmdcC5o56IVj0OsyqikH,273320,4,Вайнахи,Разные исполнители,2019-09-27,43735,0,Чеченские песни (Часть 4),0LyfQWJT6nXafLPZqxe9Of,27,12,AEA0Q1986989
0.82,0.96,0.00,-3.37,1.00,0.26,0.04,0.18,0.12,0.78,120.00,0HzslBqgyTYTPFaYyuVeOL,574329,4,Лезгинка,Разные исполнители,2019-09-27,43735,1,Чеченские песни (Часть 4),0LyfQWJT6nXafLPZqxe9Of,27,19,AEA0Q1986996
0.58,0.98,11.00,-4.63,0.00,0.09,0.10,0.00,0.30,0.84,118.00,7m2zMUqiNywAYWf5jnSdWc,259392,4,Зажигай,Абакар Курбанадамов,2019-09-26,43734,0,Зажигай,1mCzy19xjMtAbOGppHH1ig,10,1,FR96X1949125
0.75,0.78,6.00,-5.70,1.00,0.08,0.03,0.00,0.06,0.75,99.97,1Gfvl4VpZ8Gc8Zgm3nJIu0,278291,4,Забыть тебя,Вячеслав Евтых,2019-09-26,43734,1,Забыть тебя,0RElJSh6DbeB0M1VKRuqVS,1,1,FR96X1949050
0.71,0.98,6.00,-3.20,0.00,0.08,0.09,0.00,0.06,0.67,114.92,1mYYw9eA26ZgWn1VdyBRi5,244207,4,Без твоей любви,Малика Кавраева,2019-09-24,43732,1,Без твоей любви,0moQUC9J7XX48b2BgX3xtr,1,1,GBLPF0241220
0.72,0.96,7.00,-5.81,1.00,0.07,0.06,0.92,0.05,0.85,123.22,3yieMECLyYo1Ues4tt2HHH,399583,4,Лезгинка Рани,Разные исполнители,2019-09-24,43732,0,Чеченские песни (Часть 3),0LyfQWJT6nXafLPZqxe9Of,20,16,AEA0Q1987109
0.76,0.75,7.00,-5.80,0.00,0.06,0.03,0.00,0.29,0.71,122.07,2YlO99nlpTana5cdR019Tv,173989,4,Королева,Farzani,2019-09-18,43726,0,Королева,2SO3h2zBinAgAcIwNg76kR,1,1,FR96X1937207
0.82,0.65,5.00,-9.86,0.00,0.04,0.30,0.80,0.07,0.95,104.00,7wjllaLEsdlVeZeUTiuH6g,331247,4,Моя родная,Рустам Абреков,2019-09-16,43724,0,Ясмина,4TQYyvNsnn1o0ENVM4StW1,17,8,AEA0Q1968353
0.64,0.95,10.00,-4.70,0.00,0.05,0.09,0.02,0.04,0.81,115.00,5PPQlOSxmFfsfUNfFaDREw,269949,4,Т1аьхьа хир ду,Разные исполнители,2019-09-16,43724,0,Танцуй Чечня,0LyfQWJT6nXafLPZqxe9Of,16,2,AEA0Q1990590
0.74,0.93,11.00,-3.67,0.00,0.07,0.10,0.00,0.14,0.68,115.00,4dwfOLmAR9K33Bx2bglrbz,236931,4,Звенит звонок,Братья Хубиевы,2019-09-12,43720,2,Звенит звонок,2YzfZUN1x25oPiwZ0Eblwy,1,1,FR96X1930345
0.78,0.56,9.00,-9.49,0.00,0.05,0.27,0.00,0.10,0.19,129.98,7cJeiLIzOVKMBX7BpPmKbU,198649,4,Зову,ЭGO,2019-09-12,43720,37,Зову,6z0RqMOlBhJ1zgjcN5bw6d,1,1,FR96X1930297
0.64,0.95,0.00,-2.86,1.00,0.08,0.58,0.00,0.30,0.89,82.97,4pgYeyoWDj7044q88JfNvC,251077,4,Еза алал хьай,Ризавди Исмаилов,2019-09-09,43717,2,Вайнахская музыка,49zJvztxHSKOq9iogruH5b,14,14,GBLPF0239653
0.68,0.94,0.00,-3.48,0.00,0.06,0.79,0.00,0.10,0.61,90.04,2yBZUNLZeJk3iIuKN3Yx1r,229616,4,Вайнахов край,Ризавди Исмаилов,2019-09-09,43717,5,Вайнахская музыка,49zJvztxHSKOq9iogruH5b,14,6,GBLPF0216401
0.53,0.71,5.00,-9.40,0.00,0.07,0.14,0.00,0.17,0.30,158.31,0nANZVYj8L9FxTWWZ51xGu,236962,4,Dagestan (English Version) [Remix],Sabine Kors,2019-09-06,43714,20,Dagestan (English Version) [Remix],1mMWW9EPf4RbcJv78HfndW,1,1,ushm91903250
0.66,0.64,3.00,-7.54,0.00,0.05,0.26,0.00,0.09,0.36,87.98,3euf5eHOW7nBOljPvbzu2m,182205,4,Baby I Love You,Zamin Amur,2019-09-05,43713,0,Baby I Love You,6vhIGXCfVolrZ1hsiTMHLs,1,1,FR96X1926650
0.71,0.94,2.00,-4.43,1.00,0.06,0.02,0.00,0.14,0.72,105.02,4aXOdP5iMLF8Y1BbS9MnV0,214924,4,Хьомениг,Разные исполнители,2019-09-04,43712,6,Чеченский сборник 2019. Часть 5,0LyfQWJT6nXafLPZqxe9Of,35,16,GBLPF0239379
0.45,0.82,10.00,-3.71,0.00,0.04,0.80,0.00,0.15,0.46,109.93,1nFTCwSKbex13GhXFKuVBU,270590,4,Назма,Ризавди Исмаилов,2019-09-04,43712,0,Назма,49zJvztxHSKOq9iogruH5b,1,1,GBLPF0239419
0.74,0.79,9.00,-6.18,0.00,0.07,0.29,0.00,0.56,0.61,124.04,1gSkjVemE6DhF85zDHdTYA,260806,4,Разбила сердце,Эльдар Далгатов,2019-09-02,43710,13,Лучшее,6o620DGfd3Xj7rDUQH91tl,20,1,QZHZ31930753
0.86,0.57,6.00,-9.12,0.00,0.05,0.00,0.00,0.17,0.97,100.01,5PmEuFcDaqFRVjTkacW1GO,227996,4,Полюбил,Эльдар Далгатов,2019-09-02,43710,10,Лучшее,6o620DGfd3Xj7rDUQH91tl,20,2,QZHZ31930754
0.69,0.81,7.00,-5.55,0.00,0.04,0.31,0.00,0.18,0.68,125.03,5hLJZKO0e4tjNvNfiNTwYa,244741,4,Карусели,Ара Мартиросян,2019-08-30,43707,12,Карусели,0OzU850v3KEksmQkPX5ob2,1,1,QM7281935440
0.66,0.97,7.00,-2.77,1.00,0.20,0.02,0.00,0.27,0.83,123.01,6SpfToUn9UJZAq6V1GNthY,304390,4,Пожелание,Гаджилав Гаджилаев,2019-08-28,43705,0,Джигиты,7nkgk2AxGGthN1ztR5ijRr,20,9,FR96X1925751
0.74,0.98,7.00,-1.50,0.00,0.20,0.19,0.00,0.33,0.82,114.97,4s7ZsAqqRQdO0N4cWx2zBn,229832,4,Родина моя,Гаджилав Гаджилаев,2019-08-28,43705,0,Родина моя,7nkgk2AxGGthN1ztR5ijRr,1,1,FR96X1921505
0.75,0.92,11.00,-4.52,0.00,0.07,0.06,0.01,0.26,0.95,115.01,4MYmo9duq7NG77c877Rwdz,200516,4,Адлер-Сочи,ARTEM ARTI,2019-08-26,43703,0,Адлер-Сочи,5Ek4k01A2XfrOz67u6AMpM,1,1,FR59R1922179
0.68,0.89,9.00,-3.24,0.00,0.07,0.03,0.00,0.07,0.94,121.96,777MuJj9SOxN9NpvcI2rwI,203443,4,Моя родная,Загир Сатыров,2019-08-23,43700,0,Моя родная,1lL2wkbaaSAmxB2yhYmqlV,1,1,FR96X1916832
0.41,0.97,9.00,-0.36,0.00,0.44,0.07,0.00,0.16,0.72,199.92,6RKVDlFQifGqGByBXK6ccF,180036,4,Кавказ,Сулейман Хачиров,2019-08-22,43699,0,Я в огне,7jGcxxtc2xVAo224O4rbLg,8,1,FR96X1916824
0.86,0.75,11.00,-2.66,0.00,0.03,0.67,0.00,0.36,0.87,109.99,7FxpKI3u6e1bMhdsTOZRpb,198000,3,Струны души,Артур Текеев,2019-08-20,43697,11,Струны души,5TMkkwdJoBvtcv1VAYEwlr,1,1,FR96X1916835
0.63,0.91,9.00,-7.55,0.00,0.03,0.00,0.00,0.12,0.96,129.99,23vidW4R9VLnIgczl5HGQZ,258528,4,Двое,Азамат Цавкилов,2019-08-16,43693,0,Двое,2U816rMP6HbF9XWNz0Lh9i,1,1,FR96X1908287
0.61,0.99,7.00,-1.67,0.00,0.31,0.21,0.00,0.06,0.78,122.93,0tE8XjKRFy7YuJqF60dqH8,265366,4,Махачкала,Замир,2019-08-14,43691,0,Махачкала,2DZLrK32FKyU6y8LVOLbHB,1,1,FR96X1908297
0.68,0.64,3.00,-7.67,0.00,0.08,0.33,0.00,0.13,0.56,82.98,6xv5DXCOyhTrhtO98UlH9G,226015,4,Любимая моя,Dill,2019-08-12,43689,0,Любимая моя,5YvUtfbogHRU2QRbAmZ2Nd,1,1,QM6P41998310
0.66,0.96,10.00,-3.97,0.00,0.05,0.61,0.00,0.11,0.79,95.00,5jBSoebNT9IpN6RYtFnS8I,188211,4,На Бали,Султан-Ураган,2019-08-09,43686,15,На Бали,6CbqzviZ9Iw6gwzOxFVLvG,1,1,FR59R1997319
0.78,0.90,2.00,-4.23,0.00,0.05,0.03,0.00,0.32,0.73,119.98,6XUN5NlG6HgETdSuzMQdw8,232500,4,Откуда ты взялась,Азамат Цавкилов,2019-08-01,43678,2,Откуда ты взялась,2U816rMP6HbF9XWNz0Lh9i,1,1,FR59R1990071
0.77,0.85,5.00,-7.08,0.00,0.11,0.11,0.00,0.07,0.90,96.98,42IKocfFpaFK1alg3U7emW,189128,4,На берегу,Разные исполнители,2019-07-26,43672,10,Кавказский сборник 2019,0LyfQWJT6nXafLPZqxe9Of,31,31,AEA0Q1974742
0.87,0.57,8.00,-12.39,0.00,0.05,0.52,0.00,0.14,0.86,139.96,2g8rqtOlgSfX0nXIjSaice,197880,4,Дай мне место в своём сердце,Разные исполнители,2019-07-26,43672,9,Кавказский сборник 2019,0LyfQWJT6nXafLPZqxe9Of,31,29,AEA0Q1974740
0.80,0.48,2.00,-13.43,0.00,0.08,0.08,0.79,0.10,0.58,120.01,6lqpqKSD3kIXVkUgoBJjr2,200072,4,Девочка моя,RUSTAM & LIFE ELEMENTS,2019-07-25,43671,0,Девочка моя,7bf6QOlqlNfW1Gj7CJyuzW,1,1,FR59R1976184
0.72,0.90,7.00,-4.93,0.00,0.08,0.01,0.00,0.14,0.61,117.97,0DDcFEulGhettyuea3alTi,243932,3,Что же делать я не знаю,Камета Садулаева,2019-07-25,43671,0,Мерза са,36LY2T1wFB3dNbaKlvjYhI,12,6,AEA0Q1924892
0.79,0.81,5.00,-7.42,0.00,0.10,0.01,0.04,0.07,0.54,117.96,79kUDhv1iivasGTHbAndWJ,246440,3,Мерза са,Камета Садулаева,2019-07-25,43671,0,Мерза са,36LY2T1wFB3dNbaKlvjYhI,12,1,AEA0Q1924887
0.62,0.95,6.00,-6.23,0.00,0.20,0.00,0.00,0.27,0.84,123.10,1uUIQGk888bSixUXKk2iM4,234763,4,Даймохк,Камета Садулаева,2019-07-25,43671,0,Мерза са,36LY2T1wFB3dNbaKlvjYhI,12,8,AEA0Q1924894
0.77,0.89,0.00,-4.89,0.00,0.03,0.47,0.00,0.40,0.97,112.01,3Gp4qo8Ig9trZz5jUeKRpL,284064,4,"Карты, нарды, домино",Карен Арутюнян,2019-07-25,43671,0,"Карты, нарды, домино",4snk8FMHrb26xn1jci2PA1,1,1,FR59R1974127
0.83,0.65,4.00,-13.69,0.00,0.06,0.06,0.02,0.04,0.97,128.03,6tJWxbaWcyR55oVV4AkH4m,246988,4,Цыган,Зурида Гашокова,2019-07-24,43670,0,Цыган,7GI7KTj6lfDB3UFfOYfzgm,1,1,FR59R1974125
0.71,0.81,11.00,-7.48,0.00,0.28,0.11,0.00,0.22,0.38,156.02,5CzDJCMYpQqrPJFPWquecx,178913,4,Я верю в удачу,Кристина Есаян,2019-07-23,43669,2,"Цени, что у тебя есть",5Rjf2bAVVfM8P8Zc9MITEm,5,3,FR59R1974121
0.76,0.49,7.00,-7.95,1.00,0.06,0.04,0.00,0.11,0.52,133.99,1mWdYC3VtRrm1w5D1rMzv9,240039,4,Обида,Кристина Есаян,2019-07-23,43669,4,"Цени, что у тебя есть",5Rjf2bAVVfM8P8Zc9MITEm,5,2,FR59R1974120
0.71,0.63,6.00,-6.09,1.00,0.03,0.36,0.00,0.09,0.14,123.99,07AEs8gTkydVl4BSXhkCgA,228545,4,Не ценил,Кристина Есаян,2019-07-23,43669,1,"Цени, что у тебя есть",5Rjf2bAVVfM8P8Zc9MITEm,5,4,FR59R1974122
0.70,0.93,8.00,-4.90,0.00,0.07,0.45,0.00,0.33,0.72,100.01,5tDy5b1ceIobpWmEJuAPpL,220108,4,Зачем я полюбил,Казбек и Алибек Хубиевы,2019-07-22,43668,0,Зачем я полюбил,2lHSxKpMl7tvERFBA4ech5,1,1,FR59R1972067
0.53,0.96,5.00,-2.28,0.00,0.05,0.24,0.00,0.25,0.94,187.50,3iIHFyc7NBHBuCscU5gWov,215040,3,Мой Аварец (Берцинав),Зайнаб Махаева,2019-07-21,43667,1,Так звучит душа,6CXqhZa9OJluRDvTOxJrls,14,4,QM6P41961153
0.71,0.90,6.00,-2.35,0.00,0.11,0.40,0.00,0.11,0.91,117.00,4tAJf9EryGx5b1Ri51ZyjX,181538,4,"Птицам небо, а землю бродягам",Ислам Итляшев,2019-07-18,43664,20,"Птицам небо, а землю бродягам",10wTWA8McVIsmD0IRxYgoC,1,1,FR59R1983078
0.30,0.84,9.00,-0.70,0.00,0.04,0.34,0.00,0.63,0.52,133.51,6uAsGwjYvwInYsS6KJl6a6,222090,4,Чужая,Казим Шидаков,2019-07-17,43663,0,Чужая,4LTWqJLQ3FNDiojHmULGNn,1,1,FR59R1966559
0.71,0.90,1.00,-7.09,1.00,0.05,0.21,0.00,0.37,0.76,104.99,2UuYhhQD2OpCk7gdowCs3T,156656,4,Где ты,Шамиль Кашешов,2019-07-12,43658,3,Где ты,5Cf8wc0BieFpCUdrY1eHrE,1,1,FR59R1922182
0.81,0.77,9.00,-8.20,0.00,0.07,0.04,0.63,0.08,0.97,116.66,2xOMOJAnqhKQQ5Ho5bLv0w,179919,4,Шел ялле кхетар ду цхьана,Разные исполнители,2019-07-07,43653,0,Чеченские песни,0LyfQWJT6nXafLPZqxe9Of,28,1,AEA0Q1910957
0.79,0.82,0.00,-5.79,0.00,0.05,0.35,0.00,0.07,0.97,120.01,37AvThwvFzUMjTOXuAb493,152386,4,Суна к1ордина,Мадина Юсупова,2019-07-07,43653,0,Коллекция песен 2019,78hzjjQVyWJyC7eQvaXOQV,39,27,AEA0Q1910901
0.65,0.92,9.00,-4.18,0.00,0.04,0.00,0.00,0.32,0.88,120.03,7C4fPNVju12lcWjMD1eAe1,236553,4,Волахьа,Рашана Алиева,2019-07-07,43653,5,Беной лам,6z9WJd4kxbyjqkH4c6DfKw,12,11,AEA0Q1911291
0.80,0.81,10.00,-5.73,0.00,0.18,0.03,0.00,0.16,0.85,100.08,5DId5HnbnJg75DgL3kSjhl,203103,4,Восточная,Рашана Алиева,2019-07-07,43653,0,Беной лам,6z9WJd4kxbyjqkH4c6DfKw,12,4,AEA0Q1911284
0.66,0.85,9.00,-6.86,0.00,0.06,0.14,0.00,0.33,0.69,122.08,2GMeyzknmP7GAZnYzVUKrE,282045,4,Хьоме везар,Рашана Алиева,2019-07-07,43653,0,Беной лам,6z9WJd4kxbyjqkH4c6DfKw,12,6,AEA0Q1911286
0.61,0.57,10.00,-5.06,0.00,0.03,0.36,0.00,0.30,0.40,117.94,3K08wYEn9HOstiY223vwFD,332042,4,Хамзат,Увайс Шарипов,2019-07-07,43653,0,Г1оьрдала,0PoA7wrrRy1q95VYnZlrWz,14,1,AEA0Q1910943
0.64,0.98,5.00,-1.60,0.00,0.17,0.41,0.00,0.37,0.62,87.94,0Wz0M8nvBZ6ZqV48ZFuRrL,278897,4,Нохчийчоь,Разные исполнители,2019-07-07,43653,0,Беноевская весна,0LyfQWJT6nXafLPZqxe9Of,6,1,AEA0Q1912277
0.81,0.61,9.00,-16.65,0.00,0.07,0.07,0.00,0.08,0.90,124.99,17DcvdTpkc2VxZYlyfIwpb,269180,4,"Ты говоришь, что я пьян",Рустам Абреков,2019-07-06,43652,2,"Ты говоришь, что я пьян",4TQYyvNsnn1o0ENVM4StW1,14,1,AEA0Q1911093
0.69,0.65,6.00,-10.23,1.00,0.06,0.31,0.00,0.29,0.40,115.00,4pG1faVzJ4m2c7vGDeImn2,222121,4,Ай,ЭGO,2019-07-02,43648,34,Ай,6z0RqMOlBhJ1zgjcN5bw6d,1,1,FR59R1950564
0.70,0.86,10.00,-5.95,0.00,0.07,0.13,0.00,0.04,0.90,98.02,4m54ejXCa9mp8i8IEBJl1a,221667,4,Радуйтесь,Георгий Газиян,2019-07-01,43647,4,Радуйтесь,40tKOvNHSfxO9SVFIjSF7U,1,1,FR59R1945918
0.80,0.67,7.00,-5.03,0.00,0.05,0.12,0.00,0.13,0.51,122.00,7qxKL86p4xZUE8n7u6t0Vh,226783,4,Со ехар ю,Разные исполнители,2019-06-28,43644,0,Чеченские песни 2019,0LyfQWJT6nXafLPZqxe9Of,13,2,GBLPF0233861
0.69,0.99,8.00,-1.12,1.00,0.22,0.10,0.00,0.28,0.57,121.96,2VcQub8D9OeR8bK8FAa4f3,230164,4,Королева,Ажай Абакарова,2019-06-26,43642,0,Королева,4KJnzy37eoNJ3mYkvcOtHh,1,1,FR59R1938305
0.58,0.44,11.00,-9.07,0.00,0.03,0.55,0.00,0.11,0.17,137.96,0mBTZ4LYF0he5Y7BAQcnHa,246124,4,Память,Астемир Апанасов,2019-06-26,43642,7,Память,2UxPhPElyhckjpncZ8YgRy,1,1,QZGLM1933838
0.69,0.98,7.00,-3.05,0.00,0.21,0.44,0.00,0.21,0.75,109.95,7o59xuA8z06x8GTjf0HBo2,296256,4,Без тебя схожу с ума,Тамара Адамова,2019-06-25,43641,2,Без тебя схожу с ума,7joL5GVzAzRxE3Pz2DHDes,18,1,AEA0Q1904860
0.62,0.73,6.00,-7.58,0.00,0.09,0.31,0.85,0.37,0.83,112.00,1V6P6tNzZphJtx7O0oecIs,299024,4,Гена ели хьо,Разные исполнители,2019-06-22,43638,0,Лучшие чеченские 2019,0LyfQWJT6nXafLPZqxe9Of,17,1,AEA0D1999675
0.80,0.94,11.00,-3.34,0.00,0.04,0.14,0.07,0.08,0.86,121.03,6SXYTOP7mdW3fU5V9A5seh,218227,4,"Слышишь ты, Лейла",Гр. Рани,2019-06-22,43638,2,Мадины карие глаза,2b5viVWwpEnj4SPu0jyHek,17,13,AEA0D1999404
0.72,0.83,10.00,-7.15,0.00,0.20,0.02,0.01,0.33,0.84,117.02,1dxJcYsRWhGrjm0NNyIsWD,313992,4,Мадины карие глаза,Гр. Рани,2019-06-22,43638,1,Мадины карие глаза,2b5viVWwpEnj4SPu0jyHek,17,12,AEA0D1999403
0.52,0.95,5.00,-2.18,0.00,0.06,0.66,0.00,0.07,0.65,174.04,0efhZuCNiFuOOOjclKrzm1,232478,4,Къонаха,Разные исполнители,2019-06-22,43638,0,Лучшие чеченские 2019,0LyfQWJT6nXafLPZqxe9Of,17,15,AEA0D1999689
0.73,0.62,7.00,-4.02,0.00,0.29,0.10,0.00,0.69,0.68,199.85,7CcVcU3E5eSnjb4YE26QUr,240039,4,Сладкий сон,Ислам Джамбеков,2019-06-21,43637,0,Сладкий сон,0c4I0hrIthD1hJnfbczvxX,1,1,FR59R1927649
0.72,0.96,10.00,-3.48,0.00,0.29,0.22,0.00,0.11,0.76,112.94,6PRe4z785z8FywgZWWnXlk,248473,4,Потому что я влюблён,Шамиль Кашешов,2019-06-21,43637,12,Потому что я влюблён,5Cf8wc0BieFpCUdrY1eHrE,1,1,FR59R1922190
0.44,0.83,4.00,-0.95,0.00,0.11,0.80,0.29,0.32,0.95,199.17,6OGtekpZNWOgmri8dXrpip,186907,4,Я волк,Юсуп Алиев,2019-06-16,43632,0,Нана,1yquVs3dxAV0i6VAM9WrxA,6,6,AEA0D1995606
0.39,0.76,4.00,-2.80,0.00,0.04,0.82,0.00,0.13,0.35,183.06,2IKnYE4DY2TgPPQgOzfBo1,230270,3,Нана,Юсуп Алиев,2019-06-16,43632,2,Нана,1yquVs3dxAV0i6VAM9WrxA,6,1,AEA0D1995601
0.30,0.66,10.00,-10.46,0.00,0.15,0.45,0.00,0.73,0.50,92.50,02xFm5llLgamnAnjxPZPiW,141061,4,Беги по небу,Юсуп Алиев,2019-06-16,43632,0,Нана,1yquVs3dxAV0i6VAM9WrxA,6,5,AEA0D1995605
0.47,0.98,10.00,-2.84,0.00,0.36,0.02,0.00,0.04,0.76,150.09,69M2lVQs93bta0geyjylto,225400,3,Мой горец,Кристина,2019-06-14,43630,2,Белый цветок,3LUMBFJxOuegaGLLtbOTOc,4,2,QM6N21937754
0.68,0.97,11.00,-2.60,1.00,0.09,0.08,0.00,0.24,0.80,101.20,60vwptRwPF8HsvWDY4iGVS,209293,3,Белый цветок,Кристина,2019-06-14,43630,0,Белый цветок,3LUMBFJxOuegaGLLtbOTOc,4,1,QM6N21937755
0.74,0.98,7.00,-2.96,1.00,0.24,0.11,0.00,0.40,0.75,112.98,5jKfHUIJRxLjp3iou1eHgp,228053,4,Рамзан,Кристина,2019-06-14,43630,0,Белый цветок,3LUMBFJxOuegaGLLtbOTOc,4,3,QM6MZ1938438
0.59,0.87,9.00,-4.04,0.00,0.09,0.37,0.00,0.09,0.17,124.98,47DcbVwsShKFNFpDOxy3K3,249574,4,Устали - Оригинал,Мурад Байкаев,2019-06-14,43630,0,Устали,0wGOiai52snHglJt8NZRrT,12,1,RUA3R1917257
0.34,0.74,2.00,-2.84,0.00,0.04,0.68,0.00,0.11,0.21,79.58,2grZMfP6mGMBEk3kqpCjMJ,255100,4,Я пою для тебя - Оригинал,Мурад Байкаев,2019-06-14,43630,2,Устали,0wGOiai52snHglJt8NZRrT,12,6,RUA3R1917273
0.81,0.92,5.00,-3.64,0.00,0.04,0.04,0.00,0.15,0.89,109.99,6GJuU4ndN9RXbuZzJv0Uf7,204545,4,Адыгея - край раздольный,Руслан Кайтмесов,2019-06-14,43630,2,Адыгея - край раздольный,1vPWgN1hg3qqSF9irBO1Np,1,1,FR59R1909897
0.78,0.86,2.00,-3.41,0.00,0.07,0.38,0.05,0.05,0.76,120.03,2r97jBx7a5KbjuVxYdmTCF,234398,4,Кирара дог лаза дуьлу,Асхаб Вахарагов,2019-06-07,43623,0,Чеченские песни,3lzkOV3vrUdwShQHyNYJig,29,10,GBLPF0231487
0.82,0.63,2.00,-4.28,0.00,0.08,0.55,0.00,0.55,0.61,97.99,7qYYLdbebecwh6FBvJ9CBI,145751,4,Безам буьйцуш хьоьга ма лили,Асхаб Вахарагов,2019-06-07,43623,1,Чеченские песни,3lzkOV3vrUdwShQHyNYJig,29,3,GBLPF0231480
0.82,0.63,8.00,-6.46,0.00,0.09,0.53,0.00,0.07,0.83,172.00,6BB0Zks9OTuTXltU1VglP0,220640,4,Моя хулиганка,ЭGO,2019-06-06,43622,43,Моя хулиганка,6z0RqMOlBhJ1zgjcN5bw6d,1,1,FR59R1902538
0.43,0.64,7.00,-10.88,0.00,0.04,0.78,0.00,0.16,0.70,179.97,0KHC6xxEm2yMnuqZFKMFzT,313496,4,Сыграй мне брат,Турпал Джабраилов,2019-05-27,43612,3,Сыграй мне брат,596zWi5TZWv9hIwhxwBq8R,23,1,GBLPF0229967
0.72,0.95,7.00,-3.92,0.00,0.13,0.24,0.00,0.07,0.88,114.99,61DWXCUy0gZlTY5qMZTatV,223826,4,По ту сторону моря,Муаед Унежев,2019-05-23,43608,0,По ту сторону моря,0Rb7VUomgmR2sEnEaY9H3Q,1,1,FR2X41982414
0.74,0.91,1.00,-3.59,0.00,0.10,0.11,0.00,0.67,0.87,111.99,2erVdAgLeAouGiQZE9nTe6,199340,4,Танцы под луной,Ренат Патахов,2019-05-21,43606,0,Танцы под луной,2jApbK8ZZ1DURyUXqJ8C3S,1,1,FR2X41982421
0.73,0.99,9.00,-4.50,0.00,0.14,0.28,0.00,0.19,0.76,110.00,1CgPvDtEztpvjTEdKMQip8,314880,4,Гена вели хьо,Асет Халидова,2019-05-16,43601,4,Гена вели хьо,323xSAwLovccLvUT2VKduc,1,1,GBLPF0138682
0.64,0.95,0.00,-8.47,0.00,0.06,0.02,0.90,0.06,0.96,115.00,1oSqYJgIs5OTyQfZZQaRah,202430,4,Красивый парень,Макка Сагаипова,2019-05-14,43599,12,"Макка Сагаипова, Часть 1",1uOHAz5zfWQRGvn8SsjyPl,15,11,RUA1D1910803
0.70,0.96,10.00,-3.23,0.00,0.29,0.08,0.00,0.10,0.73,122.99,1Bdnn9vLGn979Nj3nLP4vu,284390,4,Твои глаза,Элина Дагаева,2019-05-06,43591,3,Твои глаза 2019,0NLLqpsvTjGXeq7ZXKhbEf,9,4,GBLPF0227514
0.62,0.98,0.00,-3.45,0.00,0.12,0.07,0.00,0.27,0.77,117.00,6PFsnJAOb7D3vqaqLlWvir,282319,4,Весна надежды,Элина Дагаева,2019-05-06,43591,2,Твои глаза 2019,0NLLqpsvTjGXeq7ZXKhbEf,9,5,GBLPF0227548
0.69,0.98,2.00,-1.75,0.00,0.22,0.45,0.00,0.33,0.96,119.86,7EXRhgTF0WFgq1ycEMPsRx,223727,4,Ты сводишь с ума,Элина Дагаева,2019-05-06,43591,1,Твои глаза 2019,0NLLqpsvTjGXeq7ZXKhbEf,9,9,GBLPF0227552
0.71,0.96,6.00,-4.77,0.00,0.06,0.09,0.00,0.29,0.87,114.00,19Wav5yZKkjYzVycIuA0ik,229407,4,Даридай,Мурат Муратов,2019-05-01,43586,0,Цыганка,6HgZOdeEjcYXEhDn3XuUf7,6,6,GBLPF0227230
0.74,0.85,7.00,-4.77,0.00,0.06,0.05,0.00,0.53,0.87,90.03,5rOTz70grciRbYKfdTaP2p,180167,4,Дорогая,Азамат Пхешхов,2019-04-30,43585,1,Любимые глаза,1IZrnNOZ9A39zhnWjAuN6p,8,6,FR2X41905868
0.63,0.84,7.00,-4.08,0.00,0.03,0.14,0.00,0.24,0.88,75.01,3C4Ruzrxyk2Va1Q9MVtrqA,236800,4,У барной стойки ресторана,Айдамир Эльдаров,2019-04-30,43585,3,У барной стойки ресторана,5hZ45bt97lUxyog80u54zs,1,1,FR2X41954571
0.37,0.93,1.00,-6.71,1.00,0.04,0.52,0.01,0.07,0.58,125.01,2DUYxJMiMshktLWPIfWG25,261120,4,Тоскую по тебе,Амина Магомедова,2019-04-29,43584,1,Тоскую по тебе,1VtOhQlLZi081Wigk1cJlM,1,1,FR2X41954572
0.79,0.94,9.00,-3.83,0.00,0.19,0.08,0.00,0.08,0.67,120.00,6s3uYomQwqLi2vX5bHGYYS,240000,4,Не забыть,Вячеслав Евтых,2019-04-25,43580,0,Не забыть,0RElJSh6DbeB0M1VKRuqVS,1,1,FR2X41946099
0.48,0.85,2.00,-0.54,1.00,0.05,0.67,0.00,0.08,0.63,80.99,76xpd75QVtEMx3v8vTZ88Q,185810,4,Нохчи,Хасан Мусаев,2019-04-25,43580,0,Избранные песни,4DaLUapDPnR5JpRG4lVpVF,18,12,AEA0D1957658
0.75,0.90,5.00,-3.42,0.00,0.04,0.20,0.00,0.20,0.84,120.04,4VfujGEBG0X6SnTGyZvRWj,275500,4,Три желания,Рустам Нахушев,2019-04-24,43579,18,Три желания,69GoMeyAOU01IqkeunBiUV,3,2,FR2X41944520
0.73,0.95,9.00,-2.40,0.00,0.05,0.12,0.00,0.03,0.82,115.03,1zeyUnMoF7TMxVvlB31vPW,267130,4,Холодный вечер,Рустам Нахушев,2019-04-24,43579,15,Три желания,69GoMeyAOU01IqkeunBiUV,3,1,FR2X41944519
0.69,0.87,11.00,-5.70,0.00,0.05,0.36,0.00,0.27,0.82,90.00,081cjirvE1Hs894qF6JIJI,240000,3,"Не люблю, любимая",Руслан Агоев,2019-04-23,43578,3,"Не люблю, любимая",7EBrib4MA5hCJBaJvV3lir,1,1,FR2X41943737
0.68,0.86,3.00,-4.91,0.00,0.07,0.21,0.00,0.07,0.86,176.03,10mXwKIWRv4BfQemjxU0I6,209489,4,Босиком под дождём,Тимур Лехов,2019-04-23,43578,0,Босиком под дождём,5k3UIJzzDLGq2POuli3Eqq,1,1,FR2X41944518
0.78,0.83,5.00,-3.12,1.00,0.03,0.45,0.00,0.30,0.43,95.01,0LNaGfILZtxlH4gMxDWXfh,225474,4,Королева масок,Артур Текеев,2019-04-22,43577,6,Королева масок,5TMkkwdJoBvtcv1VAYEwlr,1,1,FR2X41946145
0.59,0.96,7.00,-3.43,0.00,0.27,0.14,0.00,0.36,0.61,115.16,16d5xgPb9IHegnKVHkwuNe,221217,4,Волчонок,Эльдар Агачев,2019-04-16,43571,2,Волчонок,34vQE9mWlTuTEnJjHhoAre,1,1,FR2X41935628
0.83,0.83,9.00,-5.99,0.00,0.23,0.02,0.00,0.34,0.74,120.00,3e4snkKyVWyoJryRtI7AA4,219082,4,Душа Моя Полна,Magamed Halilov,2019-04-15,43570,3,Душа Моя Полна,2eLhUPJh0Rc9zNJgaBvOkQ,1,1,RUA3R1841166
0.30,0.72,3.00,-3.03,0.00,0.05,0.18,0.00,0.28,0.32,145.69,4vfu1GfKgGj4AfORM6WznJ,221768,4,Папа,Разные исполнители,2019-04-08,43563,0,Нохчи эшарш 2019,0LyfQWJT6nXafLPZqxe9Of,16,4,GBLPF0226055
0.74,0.57,7.00,-6.16,1.00,0.03,0.46,0.00,0.21,0.17,122.99,3amlXG0rEyGbqkqR21FhY7,192195,4,Моя,Ислам Джамбеков,2019-03-28,43552,0,Моя,0c4I0hrIthD1hJnfbczvxX,1,1,FR2X41901975
0.58,0.92,4.00,-2.92,0.00,0.06,0.17,0.00,0.05,0.81,95.07,0aokF3QEHCkUlaF3Um8W9v,219790,4,Долалай,Алла Бойченко,2019-03-26,43550,0,Долалай,6INy4ZmClB81huAOmoD7Or,1,1,FR2X41902633
0.72,0.80,0.00,-4.41,1.00,0.04,0.09,0.03,0.11,0.53,123.97,5CO7Mec1MXf9puQjr9UJgc,189677,4,Не рви гитара душу (DJ Alex Yakuboff Remix),A-Sen,2019-03-25,43549,31,Не рви гитара душу (DJ Alex Yakuboff Remix),10re9rOgWaOQ3IQ5j0dotz,1,1,TCAED1979939
0.59,0.88,4.00,-3.78,0.00,0.03,0.18,0.00,0.12,0.72,89.96,1x5FmXIrMLm93nt4tKZWkF,240667,4,Вечерочком весной,Тимур Лехов,2019-03-20,43544,0,Вечерочком весной,5k3UIJzzDLGq2POuli3Eqq,1,1,FR10S1990772
0.65,0.63,0.00,-6.25,1.00,0.03,0.42,0.00,0.40,0.58,140.07,36ArPXL4e7i7aF4TyZjcJj,187387,4,Доченька,Лилия Шаулухова,2019-03-19,43543,2,Доченька,43xsdL1BZt1Lmu3aQNtKKS,1,1,FR10S1990777
0.52,0.89,7.00,-5.54,1.00,0.04,0.02,0.96,0.15,0.07,77.40,42sbyOp9Kg3BUFHsX2wPtH,196514,4,Magaria,IsAria,2019-03-15,43539,0,Magaria,5nc8RbWBcFPJHZdlplnwgy,1,1,FR10S1980832
0.78,0.73,9.00,-8.25,0.00,0.07,0.00,0.00,0.18,0.54,120.00,2qbWRphGbl2IBAU34PrTWy,252656,4,В городе гаснут огни,Ислам Джамбеков,2019-03-14,43538,2,В городе гаснут огни,0c4I0hrIthD1hJnfbczvxX,1,1,FR10S1979754
0.68,0.68,0.00,-5.16,0.00,0.17,0.68,0.00,0.12,0.63,90.02,58gyNs0r4tsHREGWEy5ug8,247415,4,Моя,Ара Мартиросян,2019-03-10,43534,19,Моя,0OzU850v3KEksmQkPX5ob2,1,1,QM4TX1959936
0.39,0.38,9.00,-10.64,0.00,0.05,0.27,0.00,0.08,0.47,180.04,7sRhwHSUYgbxwqT8d74Hzp,254633,4,Voch Avel Voch Pakas,Erik Karapetyan,2019-03-09,43533,17,Voch Avel Voch Pakas,78bZBh508zK5XF6nE57iKf,1,1,TCAED1925867
0.64,0.61,4.00,-6.25,0.00,0.03,0.62,0.00,0.17,0.43,138.01,50BgWYFsI3vpDNOoj7gBcU,249892,4,Родители,Азамат Беков,2019-03-06,43530,0,Родители,54silbizVIRxE1T7TSnYgz,1,1,FR10S1970021
0.55,0.62,9.00,-8.46,0.00,0.04,0.52,0.00,0.07,0.72,79.03,7lAOGI6AaUlImPCIuwfrqk,253990,4,Deda,Торнике Квитатиани,2019-03-05,43529,1,Deda,5ieMNwfPkQf96zIOW6LPPn,1,1,FR10S1973972
0.60,0.82,6.00,-4.19,0.00,0.06,0.35,0.00,0.18,0.82,76.13,0JaztUZYy5z0NTneMRcEiZ,202448,4,Зэныбжьэгъуищ,Черим Нахушев,2019-03-01,43525,14,Зэныбжьэгъуищ,75Km0gTiyBrny6xcQe9I3f,1,1,QM4TX1936719
0.71,0.94,0.00,-5.91,0.00,0.05,0.29,0.00,0.07,0.85,97.00,5H81oK4vgZWwKFehWOtjKX,197247,4,"Мама, не ругай",Лилия Шаулухова,2019-02-26,43522,1,"Мама, не ругай",43xsdL1BZt1Lmu3aQNtKKS,1,1,FR10S1963815
0.71,0.88,4.00,-6.88,0.00,0.06,0.12,0.00,0.08,0.87,120.02,2cFSicw6kpmLGCjQ2FKsqr,333918,4,Королева моя,Макка Межиева,2019-02-21,43517,14,Королева моя,2ZpbvFS1nGvsPMs5CWQGK2,14,4,FR10S1931753
0.47,0.99,0.00,-2.70,1.00,0.41,0.32,0.00,0.13,0.47,121.99,0d6aUNFvAVB4T62JJqxGZw,368960,4,Айъа той - Свадьба,Макка Межиева,2019-02-21,43517,0,Королева моя,2ZpbvFS1nGvsPMs5CWQGK2,14,12,FR10S1931737
0.76,0.86,0.00,-3.68,1.00,0.07,0.01,0.00,0.15,0.78,114.99,5KxssWCmu3f6Afyi69Hi1n,242217,4,Для тебя,Вито Ягмуров,2019-02-15,43511,0,Для тебя,0WBZHtoeu9mtYDBuhOC7Wn,1,1,QM4TW1954975
0.64,0.99,11.00,-2.02,0.00,0.35,0.35,0.00,0.15,0.52,100.03,6JX47D6uIPEChLoOxxZz45,202867,4,"Кел ариучугъум - Приди, красивая",Мурат Токов,2019-02-12,43508,1,Джашна Къарачай,68KaKKdcRCC2Wi9vhhc7CE,11,2,FR10S1945193
0.58,0.88,7.00,-6.03,1.00,0.23,0.30,0.00,0.13,0.76,184.24,2ohjLNPqiXRI5TegQse17r,211163,3,Армяне москвы,Гагик Езакян,2019-02-08,43504,1,Армяне москвы,11tNgR4N0qYzuRgYT9IF7f,1,1,TCAEC1904244
0.68,0.87,0.00,-7.51,0.00,0.13,0.06,0.00,0.06,0.69,110.02,3FtJ0WiEXeQECMc20wMwBW,207334,4,Парень-джигит,Илона Кесаева,2019-02-01,43497,0,Осетинские песни,6n4QP9jpJIqnch25GpXqLf,7,4,FR59R1686886
0.75,0.65,11.00,-7.52,0.00,0.04,0.64,0.00,0.31,0.93,89.96,3Qi3ERPmHdCa2dFu6iSTRS,244663,4,Амонджин бонта - Счастливые дни,Илона Кесаева,2019-02-01,43497,0,Осетинские песни,6n4QP9jpJIqnch25GpXqLf,7,1,FR59R1686884
0.80,0.61,4.00,-6.26,0.00,0.06,0.34,0.00,0.58,0.44,92.99,0wcYWkaxvAKPTtbClCqEwc,191033,4,Зардай-зардама - Из сердца в сердце,Лана Шавлохова,2019-01-31,43496,0,Зардай-зардама (Из сердца в сердце),5Z8kNVgkfawHGbtRzJgSWf,1,1,FR10S1926153
0.72,0.94,5.00,-5.84,0.00,0.11,0.23,0.00,0.14,0.67,108.03,2j9EMa8Fpw0oWqf4DX3ELF,217778,4,Самба,Batrai,2019-01-29,43494,9,Самба,5JmDBqUuXToPsL662cAAd0,1,1,SMRUS0057887
0.69,0.89,11.00,-2.17,0.00,0.11,0.18,0.00,0.68,0.73,95.04,2TrdlYVlk5qbrMmlUQX0v1,185526,4,Твои карие глаза,Тимур Лехов,2019-01-25,43490,1,Твои карие глаза,5k3UIJzzDLGq2POuli3Eqq,1,1,FR10S1920055
0.44,0.87,8.00,-3.67,0.00,0.08,0.66,0.00,0.07,0.48,98.80,3436IkFB8ARUuOs42YSUzh,292754,3,Если духом ты слаб,Тимур Муцураев,2019-01-25,43490,18,"Избранное, Часть 1",2gpg8gZUAYGGVIKBSVbjX6,15,9,RUA1D1900913
0.70,0.81,9.00,-3.49,0.00,0.05,0.00,0.00,0.07,0.72,128.05,3kh5UHNoaKjbBZRZGhYjnv,236250,4,Прости-прощай,Умалав Кебедов,2019-01-25,43490,0,Аккорд души,0rCiReF6L0JwDeM6L5uIk0,8,2,QM4TW1943814
0.40,0.59,10.00,-7.97,0.00,0.04,0.84,0.00,0.12,0.71,172.06,0Wt05HLUlS1SxHUVOOd8ka,273502,3,Друзьям,Умалав Кебедов,2019-01-25,43490,1,Бумажный кораблик,0rCiReF6L0JwDeM6L5uIk0,10,5,QM4TW1943678
0.66,0.96,11.00,-4.04,0.00,0.07,0.04,0.00,0.10,0.86,101.29,6aPjU7KGDSrwCphECtDKT4,248947,3,Столица,Умалав Кебедов,2019-01-25,43490,0,Музыка моей столицы,0rCiReF6L0JwDeM6L5uIk0,9,7,QM4TW1943795
0.75,0.92,7.00,-3.42,0.00,0.05,0.20,0.00,0.08,0.69,120.04,3H9ROtJImEamUYKqCV0f1h,245000,4,Цыганочка,Рустам Нахушев,2019-01-21,43486,20,Цыганочка,69GoMeyAOU01IqkeunBiUV,1,1,FR10S1919708
0.78,0.68,6.00,-6.70,0.00,0.05,0.08,0.02,0.15,0.56,94.98,0BMaOjD2a0BspQMZpzFBvs,295579,4,Ты мой сон,Khalif,2018-12-28,43462,11,Ты мой сон,2odQIN7zfNCbhvhZdP1Vx3,1,1,FRX201855419
0.67,0.62,0.00,-6.96,0.00,0.03,0.05,0.00,0.16,0.36,129.97,7J5dMvOowNDdmUQu1itctx,268385,4,Ана дауай - Без тебя,Илона Кесаева,2018-12-28,43462,1,Ана дауай (Без тебя),6n4QP9jpJIqnch25GpXqLf,1,1,FRX201857381
0.69,0.73,2.00,-5.83,1.00,0.04,0.18,0.01,0.30,0.48,96.01,5wdWxLy2TnQ9tw9wu9phsV,236931,4,Ты с другим,ЭGO,2018-12-28,43462,28,Ты с другим,6z0RqMOlBhJ1zgjcN5bw6d,1,1,FRX201858468
0.70,0.94,5.00,-3.75,0.00,0.07,0.34,0.00,0.33,0.78,112.97,1lgh78KYSLNHtFe0vm1nSL,208104,4,Кель-кель,Алика Богатырёва,2018-12-24,43458,0,Кель-кель,2pFdfh6z4fOL1szKPzu7Vy,1,1,FRX201855380
0.76,0.88,1.00,-3.72,0.00,0.06,0.03,0.00,0.06,0.43,94.97,0VEMlDWC27MeEHDyeVBXls,244427,4,Доза счастья,Bzhambeev,2018-12-20,43454,1,Доза счастья,6UyakMFz0HJ7jl24J5E71K,2,1,FRX201848490
0.54,0.78,8.00,-5.81,1.00,0.09,0.19,0.00,0.12,0.83,180.00,05EGfB7guJj614YWDuKEPV,264150,3,"Я грузин, ты армянин",Элиза,2018-12-18,43452,0,Да будет праздник!,0Sw5e6Z1jSdg64A4pBSYuI,14,4,FRX201825127
0.73,0.85,10.00,-4.15,0.00,0.09,0.09,0.00,0.31,0.58,97.99,7nQESobTK7xjdFVk64x1t5,275510,4,Не уходи,Роберт Каракетов,2018-12-17,43451,3,Не уходи,2OZtsbiACIRqlqTr0Z2acQ,1,1,FRX201848592
0.80,0.82,6.00,-6.51,0.00,0.04,0.17,0.00,0.35,0.67,93.05,2mKECl9XzexuijCl1ilPim,314920,4,Мила ву те дагна езнарг,Рамзан Абумуслимов,2018-12-16,43450,1,Чеченские хиты 2018,3Y13RrN3q5tBqUQ6zB5Kyp,25,16,GBLPF0218309
0.70,0.85,1.00,-4.49,1.00,0.18,0.01,0.00,0.81,0.27,130.00,06cXIh67GveR1CEHVr2p7N,252017,4,Джихаду Усмаеву,Увайс Шарипов,2018-12-15,43449,3,Нохчи Илли 2018,0PoA7wrrRy1q95VYnZlrWz,42,7,GBLPF0218101
0.84,0.89,1.00,-4.01,1.00,0.07,0.13,0.00,0.09,0.83,99.98,5PlC6nMXihO2ucH9FqgTu7,226262,4,Ты одна,Ара Мартиросян,2018-12-12,43446,8,Ты одна,0OzU850v3KEksmQkPX5ob2,1,1,QM7281866217
0.76,0.80,1.00,-6.64,1.00,0.03,0.04,0.00,0.10,0.40,112.00,5QdKXl3VAWKaxLFuS8Ke7e,212143,4,Не рви гитара душу,A-Sen ft. ЭGO,2018-12-03,43437,39,Не рви гитара душу,0iTlKvztcWwRQInSqB7kvv,1,1,RUA3R1829097
0.66,0.89,9.00,-4.53,0.00,0.04,0.00,0.00,0.08,0.57,108.03,3DojTewAVA7GjPJHb4SJVz,268611,4,Родная мать,Роберт Каракетов,2018-12-03,43437,2,Родная мать,2OZtsbiACIRqlqTr0Z2acQ,1,1,FRX201827149
0.54,0.98,4.00,-4.11,0.00,0.20,0.22,0.00,0.10,0.82,219.90,0jdwjqN7rCWRzun74sxFNK,239020,4,Моё вдохновение,Зайнаб Махаева,2018-12-01,43435,1,Райская птица,6CXqhZa9OJluRDvTOxJrls,12,2,QM7281840041
0.74,0.88,10.00,-4.36,0.00,0.11,0.17,0.00,0.34,0.86,129.99,2KmEO1NUZtkyEn3xCt0ICH,315690,4,Мой ангел - Cover Serdar Ortaç,Зайнаб Махаева,2018-12-01,43435,0,Райская птица,6CXqhZa9OJluRDvTOxJrls,12,4,QM7281840043
0.61,0.96,8.00,-1.85,0.00,0.16,0.00,0.00,0.04,0.71,114.11,0ikKDRD8ATutImF5CdBork,231579,4,Глаза твои,Хасбулат Рахманов,2018-11-30,43434,0,Глаза твои,5uzJhvnoXNARehwwNi0DwA,1,1,QM7281830000
0.71,0.94,1.00,-4.46,0.00,0.15,0.01,0.00,0.07,0.54,121.90,0zp826UYZh7ERXhjYTCCUB,258689,4,Любимая,Лина и Руслан Яриковы,2018-11-29,43433,0,Любимая,6LalAyRJFqRzJMnFmxEtmO,1,1,FRX201822149
0.71,0.87,4.00,-4.24,0.00,0.04,0.51,0.00,0.33,0.73,79.98,5u2EBbxrgpC6BjkS0zmhfM,223090,4,Берегите мам,Рейсан Магомедкеримов,2018-11-27,43431,1,О чём грустят её глаза,7gk8pVJvMK6zhWFlsgx3Xn,10,7,FRX201822156
0.70,0.83,7.00,-4.51,0.00,0.04,0.07,0.00,0.07,0.91,111.99,2KZTy1nf4snkiQqE3ScQ5G,191914,4,О чём грустят её глаза,Рейсан Магомедкеримов,2018-11-27,43431,2,О чём грустят её глаза,7gk8pVJvMK6zhWFlsgx3Xn,10,5,FRX201822154
0.69,0.96,11.00,-5.30,1.00,0.19,0.14,0.00,0.04,0.91,120.06,7D6YeRYqJxLAaDkZGEH8xv,162743,3,К1орни,Разные исполнители,2018-11-25,43429,1,Чеченский сборник 2018,0LyfQWJT6nXafLPZqxe9Of,24,3,GBLPF0216381
0.70,0.93,5.00,-4.88,0.00,0.06,0.58,0.00,0.26,0.76,134.04,39q4o60J5y5dNwVz0UfV0Q,214256,4,Лорса и Лида,Разные исполнители,2018-11-25,43429,10,Чеченский сборник 2018,0LyfQWJT6nXafLPZqxe9Of,24,5,GBLPF0216383
0.75,1.00,9.00,-2.02,0.00,0.27,0.13,0.00,0.38,0.59,122.09,2jzQMtC6zDnPgGTYaIgmDe,216334,4,Только ты любимый,Разные исполнители,2018-11-25,43429,2,Чеченский сборник 2018,0LyfQWJT6nXafLPZqxe9Of,24,15,GBLPF0216393
0.84,0.43,8.00,-17.57,1.00,0.09,0.13,0.00,0.08,0.54,124.90,7MgAnVQROfPTt9wup3EiKo,297221,4,Не женюсь,Радмир Текеев,2018-11-19,43423,19,Воровка моего сердца,0B9zB10aSCxNHQbe8nuAix,36,34,GBLPF0215894
0.81,0.87,0.00,-7.66,0.00,0.20,0.08,0.00,0.17,0.91,114.99,6ZNVcTgXVX4Ns3BKWQyBPF,212925,4,Каблучками тук тук,Радмир Текеев,2018-11-19,43423,12,Воровка моего сердца,0B9zB10aSCxNHQbe8nuAix,36,12,GBLPF0215872
0.64,0.64,9.00,-11.77,0.00,0.04,0.31,0.00,0.43,0.76,74.99,5nLKIQ0xz5y4r0XNGeGsK6,193646,4,Ночь,Радмир Текеев,2018-11-19,43423,0,Воровка моего сердца,0B9zB10aSCxNHQbe8nuAix,36,24,GBLPF0215884
0.80,0.95,0.00,-3.01,0.00,0.04,0.18,0.00,0.28,0.56,120.06,7oDxMlBDyQOVzX2NQlJ8Ub,204500,4,Парень в погонах,Амирина,2018-11-09,43413,0,Парень в погонах,5DiKRa09GoaUq6ZA2NbK4p,1,1,FR96X1887675
0.71,0.95,10.00,-2.69,0.00,0.04,0.14,0.00,0.08,0.31,115.03,1u17dE5gyphatUuajAAxR9,212234,4,Цени друзей,Ислам Итляшев,2018-11-08,43412,23,Цени друзей,10wTWA8McVIsmD0IRxYgoC,1,1,FR96X1887678
0.55,0.84,5.00,-5.80,0.00,0.06,0.06,0.00,0.06,0.96,195.96,7C8dtajusi4jg8mwGcCKAG,220781,4,Дерзкая,Роберт Каракетов,2018-10-29,43402,2,Дерзкая,2OZtsbiACIRqlqTr0Z2acQ,1,1,FR96X1875524
0.79,0.87,9.00,-6.04,0.00,0.15,0.04,0.10,0.30,0.93,125.03,313DQj8FJzbf4BrA0HvZ3v,338024,4,Сан дог ахьа ловза де,Турпал Абдулкеримов,2018-10-26,43399,0,Мадина,1Q1F7ZFgdLBopNStUaxsC5,12,7,AEA0D1887889
0.92,0.80,2.00,-5.83,0.00,0.22,0.14,0.00,0.29,0.96,120.01,4u1ZOhEVwh9xTmac5WTHlA,120111,4,Хеда и Идрис,Турпал Абдулкеримов,2018-10-26,43399,1,Мадина,1Q1F7ZFgdLBopNStUaxsC5,12,5,AEA0D1887887
0.92,0.78,9.00,-5.83,0.00,0.04,0.10,0.00,0.32,0.90,119.95,6EQ4IgfM9E6xprpRfSsSs8,168072,4,Баркалла цу хьа нанна,Турпал Абдулкеримов,2018-10-26,43399,0,Хьоменаг,1Q1F7ZFgdLBopNStUaxsC5,19,11,AEA0D1887840
0.81,0.63,9.00,-5.28,0.00,0.27,0.08,0.00,0.04,0.85,173.98,3dEMHY7wasBFezObgTbT6i,225671,4,"Дай, дай",ЭGO,2018-10-08,43381,26,"Дай, дай",6z0RqMOlBhJ1zgjcN5bw6d,1,1,FR96X1843987
0.88,0.48,2.00,-7.30,0.00,0.06,0.58,0.02,0.27,0.27,102.01,4AZqsNHW3lw3MZ6P95aDX6,203529,4,Сгораем дотла,TeeMur,2018-10-07,43380,37,Сгораем дотла,41Ik3oE10ROun8mRk4ud5C,1,1,SMRUS0057661
0.76,0.91,11.00,-3.53,0.00,0.06,0.15,0.00,0.13,0.88,102.02,21vyMlp2pUOriWWY3O0wa2,275294,4,"Только я, только ты",Тимур Рахманов,2018-10-05,43378,15,"Только я, только ты",0TSowrB9pAWRUWngQ3TwEx,1,1,QM6N21858350
0.44,0.52,5.00,-7.31,0.00,0.03,0.54,0.00,0.20,0.38,76.07,0YWB3v3nKAOhfy8cfPMDWt,314527,4,Абхазия моя,Хибла Герзмава,2018-10-03,43376,2,Абхазия моя,5HyFKfE9ISfNbxcryriHsB,1,1,RUA1D1820358
0.75,0.99,9.00,-3.58,0.00,0.03,0.09,0.00,0.43,0.97,127.02,1sWgoQxkAGYZcDKKIJIcWb,296693,4,Караван,Зурида Гашокова,2018-10-03,43376,0,Крик души,7GI7KTj6lfDB3UFfOYfzgm,14,11,FR96X1843712
0.75,0.93,11.00,-5.09,0.00,0.22,0.25,0.00,0.13,0.94,92.00,7vubbgpzuzp5AP6MjaH1FU,206158,4,Как же ты могла,Аскер Кушу,2018-10-01,43374,8,Как же ты могла,5984eQ0nuAJdWN4OFCXC9P,16,1,FR96X1811852
0.82,0.78,9.00,-4.79,0.00,0.15,0.21,0.00,0.09,0.89,120.04,0R8Mkl5y5NvhLzevbD6ICa,191556,4,Тайна,Аскер Кушу,2018-10-01,43374,0,Как же ты могла,5984eQ0nuAJdWN4OFCXC9P,16,5,FR96X1811857
0.89,0.64,2.00,-9.94,1.00,0.13,0.10,0.02,0.08,0.79,108.02,5RTEdvNJ8rNOFANeEgHazK,211174,4,По углам,Аскер Кушу,2018-10-01,43374,0,Как же ты могла,5984eQ0nuAJdWN4OFCXC9P,16,10,FR96X1811863
0.46,0.73,8.00,-7.59,0.00,0.03,0.12,0.00,0.33,0.56,145.91,0blbh4UrxCl8Cl38XhMFEH,239133,4,По ресторанам,Руслан Набиев,2018-09-28,43371,26,По ресторанам,2PTBwLKpyiMbavi1k9N1A0,18,1,QM6N21854323
0.63,0.77,9.00,-5.80,0.00,0.06,0.16,0.00,0.12,0.78,180.06,3GlUn9a0QptpEgkXhQMu2q,306573,4,Поцелуями тает,Руслан Набиев,2018-09-28,43371,4,По ресторанам,2PTBwLKpyiMbavi1k9N1A0,18,14,QM6N21854336
0.53,0.78,3.00,-7.31,0.00,0.17,0.35,0.00,0.14,0.81,155.02,1tKgxcWf1MwTiRDcFh2oEA,387813,4,Фонтаны,Руслан Набиев,2018-09-28,43371,11,По ресторанам,2PTBwLKpyiMbavi1k9N1A0,18,2,QM6N21854324
0.57,0.84,5.00,-3.49,0.00,0.08,0.34,0.00,0.15,0.47,129.98,5yl74s0ML8Uk32bLLS54uZ,254769,4,Dardiani Guli,Зарина Тилидзе,2018-09-18,43361,4,Dardiani Guli,4lTeKYVkNzPng0avUiu8Po,1,1,RUA1D1819709
0.72,0.47,9.00,-14.50,1.00,0.08,0.14,0.00,0.21,0.62,98.05,3b9Pr75Ql7Hlf00VDtjkwK,198139,4,"Du, Du, Du",ЭGO,2018-09-17,43360,39,"Du, Du, Du",6z0RqMOlBhJ1zgjcN5bw6d,1,1,FR96X1801876
0.38,0.32,5.00,-9.91,0.00,0.08,0.72,0.00,0.11,0.42,184.05,4FlwkgbzUWZ1V4j6lxoxUz,249000,4,Siraharvats,Erik Karapetyan,2018-09-10,43353,15,Siraharvats,78bZBh508zK5XF6nE57iKf,1,1,TCADU1894100
0.73,0.90,5.00,-3.78,0.00,0.06,0.20,0.00,0.11,0.81,125.04,63ncJvwYZgOMXKvVymf8pJ,271644,4,Ариведерчи,Разные исполнители,2018-08-24,43336,2,Горячие летние хиты,0LyfQWJT6nXafLPZqxe9Of,23,17,FR59R1661132
0.67,0.69,1.00,-5.91,0.00,0.03,0.64,0.00,0.42,0.76,146.04,0D80Ye3v0m51ZubKnbfXGt,225019,4,Армения,Разные исполнители,2018-08-17,43329,7,"Самые сливки восточные, Ч. 2",0LyfQWJT6nXafLPZqxe9Of,29,29,FR59R1881323
0.68,0.85,4.00,-4.06,0.00,0.04,0.00,0.00,0.36,0.94,115.99,3Da9AJiYObIvuh71B1WlMO,198792,4,Армянка,Разные исполнители,2018-08-17,43329,4,"Самые сливки восточные, Ч. 2",0LyfQWJT6nXafLPZqxe9Of,29,11,FR59R1881304
0.78,0.93,2.00,-3.66,1.00,0.03,0.10,0.01,0.35,0.94,116.01,1oBZuTxFVirGDMfNFhMu9H,238060,4,Cудьба,Тимур Рахманов,2018-08-14,43326,13,Я так люблю тебя,0TSowrB9pAWRUWngQ3TwEx,11,1,QM6MZ1891974
0.65,0.95,10.00,-4.22,0.00,0.05,0.07,0.01,0.07,0.91,105.00,17HKxg6c1yvasGhII320oS,216253,4,Я схожу с ума,Тимур Рахманов,2018-08-14,43326,1,Я так люблю тебя,0TSowrB9pAWRUWngQ3TwEx,11,11,QM6MZ1891984
0.76,0.70,0.00,-8.27,0.00,0.11,0.10,0.00,0.12,0.73,95.99,1MWBArWhs9G2cUee6a82ff,238646,4,Она бомба,ЭGO,2018-08-03,43315,26,Она бомба,6z0RqMOlBhJ1zgjcN5bw6d,1,1,FR59R1860535
0.34,1.00,9.00,0.46,0.00,0.43,0.20,0.00,0.22,0.72,205.84,5syTmEcqpZsynjoTGOfOkC,235955,4,Кавказ,Дмитрий Юрков,2018-07-31,43312,0,Кавказ,2QlkCjBmXo7K24DyyAhgkx,4,1,FR59R1859000
0.64,0.96,6.00,-5.87,0.00,0.07,0.59,0.00,0.29,0.58,129.99,0E3NbYu4xaL76HzUM83HBJ,222745,4,Будь со мной,Ислам Мальсуйгенов,2018-07-20,43301,0,Будь со мной,5USczc4Ob1LFu7Xl01HDZr,7,1,FR2X41899254
0.55,0.87,5.00,-6.26,0.00,0.04,0.03,0.01,0.33,0.90,176.01,0ECSFCOi5j9l2JJnloljU5,226403,4,Вот она любовь,Амирина,2018-07-06,43287,2,Жизнь моя,5DiKRa09GoaUq6ZA2NbK4p,10,5,FR59R1816882
0.65,0.90,4.00,-2.86,0.00,0.05,0.35,0.00,0.12,0.56,84.99,0FTqSpkw9sy2ZwowbyXV4L,251350,4,Аманат,Эльдар Жаникаев,2018-07-04,43285,1,Умейте ждать свою любовь,0RHtXqLYzi3cbYGHGrYuPL,8,5,FR59R1816892
0.58,0.77,2.00,-4.93,1.00,0.04,0.01,0.00,0.16,0.74,89.97,5LIKPLkHtv7pSJgDj53vBJ,237375,4,Танцующей горянке,Эльдар Жаникаев,2018-07-04,43285,0,Умейте ждать свою любовь,0RHtXqLYzi3cbYGHGrYuPL,8,2,FR59R1816889
0.86,0.70,0.00,-6.13,0.00,0.05,0.03,0.00,0.09,0.39,100.02,5kkpbUTMTJp19LECaXH1hE,223843,4,Девочка воровка,Арам Хоренян,2018-06-25,43276,6,Девочка воровка,0ddpZ1FSvp3fspPoUAAFFO,6,3,FR59R1804384
0.63,0.47,7.00,-10.84,0.00,0.03,0.70,0.01,0.09,0.41,103.99,4KWWFFem9tvduf3FUq1HXR,173654,4,Абдзахэ зек1о орэд - Абадзехская походная,Аслан Тлебзу,2018-06-19,43270,9,Freedom,5cGxn5mQM1wdid76oP5bjf,14,7,FR2X41896358
0.72,0.83,6.00,-5.37,0.00,0.04,0.06,0.00,0.19,0.67,120.02,7n8Eax1dy1CwYFHsAyG12E,204069,4,Мои мечты,Ислам Мальсуйгенов,2018-06-05,43256,0,Мои мечты,5USczc4Ob1LFu7Xl01HDZr,1,1,FR2X41878265
0.58,0.83,0.00,-7.40,0.00,0.17,0.04,0.01,0.20,0.90,220.09,6gFHFUu6WpQKcRWSLfG3nG,160601,4,Даимна хьо герга йоьхуш,Рамзан Абумуслимов,2018-06-02,43253,0,Седарчи,3Y13RrN3q5tBqUQ6zB5Kyp,12,2,AEA0Q1878093
0.77,0.78,0.00,-5.01,0.00,0.05,0.16,0.00,0.33,0.66,90.02,5gf8ebGfSA8lzQgkwmpblO,210535,4,Маржа йа1 хьо езар тховса,Рамзан Абумуслимов,2018-06-02,43253,0,Безамо,3Y13RrN3q5tBqUQ6zB5Kyp,16,11,AEA0Q1881882
0.43,0.66,7.00,-5.66,0.00,0.05,0.15,0.00,0.33,0.43,101.95,2A9MGD7qQ8tdi5EBOE0mn5,255828,3,Адыгэ нысэ - Адыгская невеста,Мухамед Каздохов,2018-05-30,43250,4,Адыгэ нысэ (Адыгская невеста),2gNM5c7PU8iAsd0zteYWQd,1,1,FR2X41870950
0.82,0.95,0.00,-1.95,0.00,0.17,0.10,0.00,0.20,0.89,114.92,0BlY03brUWFp7bvfgrYSAA,212870,4,Каблучки,Артур Текеев,2018-05-24,43244,22,Каблучки,5TMkkwdJoBvtcv1VAYEwlr,12,5,FR2X41842057
0.64,0.69,9.00,-5.50,0.00,0.08,0.45,0.01,0.12,0.50,138.06,7E7ROUs5VUewSPA6JsUEmn,234176,4,Хонга,Артур Гонгапш,2018-05-23,43243,1,Мелодии души,5i54Dd9vvIyaErLVOuinx6,21,5,FR2X41856491
0.83,0.93,9.00,-4.35,0.00,0.04,0.32,0.24,0.22,0.96,105.02,0hUFMSX0rDrFRFXznBM3al,175231,4,Свадебная,Артур Гонгапш,2018-05-23,43243,0,Мелодии души,5i54Dd9vvIyaErLVOuinx6,21,17,FR2X41856503
0.81,0.93,0.00,-3.65,1.00,0.11,0.19,0.41,0.25,0.90,105.10,2jHz1ckWXqlYIeQwPpaQKr,157849,4,Лезгинка,Артур Гонгапш,2018-05-23,43243,1,Мелодии души,5i54Dd9vvIyaErLVOuinx6,21,6,FR2X41856492
0.76,0.75,10.00,-4.46,0.00,0.06,0.24,0.01,0.13,0.74,95.03,4GeQLICHOonOLTGwnateZm,263198,4,Маржа я1 хьай безам,Асхаб Вахарагов,2018-05-22,43242,0,Маржа я1 хьай безам,2BtW2lX9o1w2YUuM3RDzg0,4,1,AEA0Q1876849
0.59,0.85,7.00,-5.05,1.00,0.13,0.03,0.00,0.04,0.97,221.88,2btIQ99AaFleGetefAiPq4,274992,4,Аида,Аюб Вахарагов,2018-05-22,43242,0,Безамах са дуьзна дог,6jyXhrpC2nTtSOF9t9oDpJ,16,9,AEA0Q1876787
0.80,0.76,4.00,-8.47,0.00,0.06,0.32,0.15,0.29,0.88,124.05,71p3F31ZSb0ozvNcqxBPr8,104072,4,Баркалла цу хьа нанна,Аюб Вахарагов,2018-05-22,43242,0,Баркалла цу хьа нанна,6jyXhrpC2nTtSOF9t9oDpJ,8,1,AEA0Q1871404
0.70,0.90,11.00,-5.30,0.00,0.03,0.31,0.00,0.37,0.31,129.98,7ILZAARRem861QUUQXhDZC,245538,4,Ты только мой,Аминат Ибиева,2018-05-14,43234,0,Твои глаза,2tQXS0ztMbd6S75At9ublf,15,10,FR2X41856526
0.74,0.84,11.00,-4.80,0.00,0.04,0.01,0.00,0.10,0.58,110.01,6YZl6phbn95ALK3fp15lEU,233874,4,Любовь бандита,Tural Everest,2018-05-10,43230,14,Любовь бандита,1GAgS4w3PCCjbA6JKEmlLc,1,1,RUA1D1810832
0.69,0.95,1.00,-3.67,0.00,0.09,0.06,0.00,0.20,0.74,114.95,3wpaZlwa4zOiZ6LX5W8cgx,298528,4,Гордая Чечня,Макка Межиева,2018-04-24,43214,6,Баркалла,2ZpbvFS1nGvsPMs5CWQGK2,19,13,FR2X41837629
0.76,0.97,6.00,-6.07,0.00,0.23,0.24,0.00,0.05,0.69,111.97,6byHgopjkvLQ4J9MIKfTC3,219011,4,Джана моя,Дибир Абаев,2018-04-17,43207,0,Джана моя,6EhoFD0kr63AKB4HaGeUBG,1,1,FR2X41825908
0.69,0.97,10.00,-5.36,0.00,0.05,0.00,0.00,0.24,0.71,125.02,2cgjFCKMmsTxZTit3Fdj8f,220665,4,Украдёт и позовёт,Мурат Тхагалегов,2018-04-17,43207,34,Я тебя забываю,5maQ7xVuYI2948CcOq6Q4O,25,9,FR6V81954596
0.72,0.94,2.00,-2.60,1.00,0.05,0.03,0.00,0.05,0.85,120.01,1wqDYnXyUKRnAopiXHqdzQ,209528,4,Калым,Мурат Тхагалегов,2018-04-17,43207,45,Я тебя забываю,5maQ7xVuYI2948CcOq6Q4O,25,3,FRX281558658
0.82,0.87,9.00,-5.18,0.00,0.11,0.29,0.00,0.04,0.96,114.97,4kGAp00wug2C1asq9NHZ6a,213629,4,Вянут розы в снегу,Мурат Тхагалегов,2018-04-17,43207,21,Я тебя забываю,5maQ7xVuYI2948CcOq6Q4O,25,8,FRX871515181
0.52,0.81,10.00,-5.21,0.00,0.04,0.30,0.00,0.13,0.36,144.93,6P4iEYy7tN7n8UDdo6bxB4,220466,4,Ты лучшая,Arame,2018-04-15,43205,25,Ты лучшая,7oopbu0bKkO5mTyENnNXQj,1,1,TCADP1824432
0.31,0.46,8.00,-10.79,1.00,0.04,0.77,0.00,0.07,0.23,78.64,0PwvU5BCCXcWdbsKREe4e3,396121,4,Корабли поминанья,Алихан Амхадов,2018-04-10,43200,1,Всё пройдет,6NPLiAngQBsPLI0YHsColL,21,4,AEA0Q1850482
0.38,0.52,7.00,-10.79,0.00,0.03,0.82,0.00,0.06,0.53,127.63,6xxcTRRl9muclBRpHNz01L,360464,4,Блеск зелёный хрусталь,Алихан Амхадов,2018-04-10,43200,1,Всё пройдет,6NPLiAngQBsPLI0YHsColL,21,6,AEA0Q1850484
0.47,0.52,3.00,-7.65,0.00,0.05,0.85,0.00,0.08,0.15,142.23,10tHPinodMprs6EhU2dVHU,393510,4,Клянусь мой Бог,Алихан Амхадов,2018-04-10,43200,0,Всё пройдет,6NPLiAngQBsPLI0YHsColL,21,13,AEA0Q1850491
0.64,0.67,4.00,-6.26,0.00,0.07,0.50,0.00,0.38,0.57,140.00,6Mh0pP9wBug9jsqBVkbk07,249131,4,Прошу простить,Марха Макаева,2018-04-10,43200,7,Забудь меня,43OaAv5zBHTfxGuurvGFyy,12,12,AEA0Q1849895
0.47,0.69,0.00,-4.02,0.00,0.03,0.68,0.00,0.11,0.35,74.96,5cVQYgfzV76rVkGfFLMkHY,204670,4,Баьржина Безам,Марха Макаева,2018-04-10,43200,3,Забудь меня,43OaAv5zBHTfxGuurvGFyy,12,9,AEA0Q1849892
0.62,0.89,0.00,-3.14,0.00,0.05,0.40,0.00,0.07,0.46,150.03,67XyaTCAL8CWJT5opa1032,258900,4,Судьба моя,Марха Макаева,2018-04-10,43200,6,Забудь меня,43OaAv5zBHTfxGuurvGFyy,12,4,AEA0Q1849887
0.75,0.92,8.00,-3.28,0.00,0.09,0.62,0.00,0.34,0.82,92.99,66rgAuuzydpEN9BGHyNYhY,198322,3,Даге дицийта,Радима Хаджимурадова,2018-04-06,43196,11,Нохчийчоь,1rvIlV7Fj56R9uafHZdV8n,10,2,GBLPF0118006
0.63,0.97,10.00,-4.76,0.00,0.05,0.12,0.06,0.18,0.93,125.02,3SWA9xW3uOKdzIPdoiLZbr,333767,4,Дика к1ант,Мадина Юсупова,2018-03-25,43184,0,Чеченские хиты 2017,78hzjjQVyWJyC7eQvaXOQV,15,12,AEA0Q1847493
0.75,0.92,3.00,-6.14,0.00,0.04,0.34,0.00,0.35,0.77,109.99,45pTX6eGmdsV9UtALgx4T0,243273,4,Эти ночи,Руслан Кайтмесов,2018-03-07,43166,0,Эти ночи,1vPWgN1hg3qqSF9irBO1Np,1,1,FR10S1868825
0.77,0.67,0.00,-7.04,0.00,0.07,0.08,0.00,0.10,0.55,90.02,7cY552q996zB1YbkMVfHAu,228077,4,Забудь хулигана,ЭGO,2018-02-15,43146,44,Забудь хулигана,6z0RqMOlBhJ1zgjcN5bw6d,1,1,FR10S1843996
0.65,0.80,4.00,-7.04,0.00,0.05,0.44,0.00,0.29,0.58,95.01,7f9C2IfxDdlynIOo356IOk,309865,4,Небо над землей,Тимур Темиров,2018-02-11,43142,23,Небо над землёй,2qf6BlqsCa5caYcoZ8aloc,11,1,QMDA61868258
0.65,0.86,2.00,-3.35,0.00,0.05,0.38,0.00,0.23,0.57,140.00,0bhFRfutotizd7K2KFJP4t,270649,4,Моя женщина,Тимур Темиров,2018-02-11,43142,21,Небо над землёй,2qf6BlqsCa5caYcoZ8aloc,11,11,QMDA61868269
0.76,0.96,6.00,-4.20,0.00,0.25,0.35,0.00,0.08,0.74,119.94,4xRqNhoyOJAiYmPopCRZM8,236408,4,Лезгинка - танец гор,Шах Ислангириев,2018-02-07,43138,1,Езар,32BaeIZltszxxUF7ulBNbd,8,1,FR10S1832792
0.82,0.85,0.00,-4.97,1.00,0.06,0.04,0.00,0.28,0.78,125.97,3EzwbufABNkT5dJoMOvLFW,224089,4,Девчоночка моя,Ханчик,2018-02-05,43136,1,Девчоночка моя,7gem7Ml9I9KiidiUnEgUz2,1,1,QMDA61856770
0.58,0.57,9.00,-7.41,0.00,0.03,0.37,0.00,0.10,0.23,129.97,2WmjM8lL7gySr5mGjRIzST,252000,4,На расстоянии,DANIAL,2017-12-17,43086,18,На расстоянии,1uVhpXehdE50wm4cOWnSom,1,1,RUA1D1805748
0.61,0.94,0.00,-4.00,1.00,0.04,0.01,0.00,0.06,0.54,100.00,2Lo59sasvaSGOEHKx8AgHb,219000,4,Дивный сон,DANIAL,2017-12-17,43086,8,Дивный сон,1uVhpXehdE50wm4cOWnSom,1,1,RUA1D1805747
0.64,0.64,9.00,-5.13,0.00,0.03,0.02,0.00,0.14,0.34,105.03,4qQR6JMoHTFyWIGmc0MBiR,210599,4,Уголёк,Lx24,2017-12-15,43084,38,Глава 25,4TIFXy7qWdihkxk2GEdsyp,17,15,QMBZ91718167
0.70,0.59,9.00,-9.05,0.00,0.17,0.12,0.00,0.17,0.73,170.00,6nFHd4IXw3ij2xgXyIb2cL,191287,4,Стервочка,ЭGO,2017-12-15,43084,35,"Лютый кайф, Ч. 2",6z0RqMOlBhJ1zgjcN5bw6d,6,1,FRX201790059
0.71,0.67,3.00,-10.87,0.00,0.25,0.02,0.00,0.04,0.89,178.03,1EoS1CjJclMV8vlB9HYuDd,199182,4,Хитрая,ЭGO,2017-12-15,43084,21,"Лютый кайф, Ч. 2",6z0RqMOlBhJ1zgjcN5bw6d,6,3,FRX201790061
0.79,0.44,7.00,-13.69,1.00,0.05,0.26,0.00,0.09,0.29,125.02,0auIrlgeNOcTGeIAJeCojV,198597,4,"Как без неё мне, мама",ЭGO,2017-12-15,43084,22,"Лютый кайф, Ч. 2",6z0RqMOlBhJ1zgjcN5bw6d,6,2,FRX201790060
0.61,0.61,10.00,-4.92,0.00,0.03,0.63,0.00,0.13,0.58,106.97,2vgHbM10hdMdbavMV9ssIC,239073,4,Унеси меня,Дибир Абаев,2017-12-12,43081,0,Унеси меня,6EhoFD0kr63AKB4HaGeUBG,1,1,FRX281708448
0.69,0.87,9.00,-5.62,0.00,0.07,0.14,0.00,0.18,0.45,105.01,6fvdVfJqpAdox8ROtiRhVX,216373,4,Ты со мной,DANIAL,2017-11-22,43061,8,Ты со мной,1uVhpXehdE50wm4cOWnSom,1,1,RUA1D1805761
0.54,0.26,4.00,-11.51,0.00,0.04,0.75,0.00,0.10,0.31,169.96,4upGDYQe83TRQT0g97Mn53,262667,4,Im Ashxarh Ek,Erik Karapetyan,2017-11-22,43061,22,Im Ashxarh Ek,78bZBh508zK5XF6nE57iKf,1,1,TCADJ1743729
0.75,0.88,4.00,-4.88,0.00,0.08,0.02,0.00,0.30,0.33,106.00,5AikBYItILry9ySbrjWllF,221887,4,Вина,Tural Everest,2017-11-15,43054,24,Вина,1GAgS4w3PCCjbA6JKEmlLc,1,1,RUA1D1714772
0.73,0.97,7.00,-2.64,1.00,0.17,0.10,0.00,0.09,0.87,109.97,2qwvI5xqBEDrwYwwPORI9i,234546,4,Кавказ,Ринат Каримов,2017-11-13,43052,4,Русские песни,1BAiKRvGO29yUYRomBEzap,69,5,RUA1D1716067
0.49,0.91,3.00,-4.76,0.00,0.08,0.08,0.00,0.07,0.90,199.98,6cuxAwVtlhUTy8h59BWKB5,258949,4,Шестиструнная гитара,Ринат Каримов,2017-11-13,43052,1,Русские песни,1BAiKRvGO29yUYRomBEzap,69,11,RUA1D1716079
0.43,0.92,11.00,-6.42,1.00,0.08,0.10,0.00,0.41,0.75,102.74,6DfiOZ4wwFd6zsvHFumNzy,266277,1,Sirun-Sirun,Sergey Zeynalyan,2017-11-06,43045,0,Sirun-Sirun,5Em2l99yu4d5XIFv3jX9V1,1,1,FRX201753188
0.71,0.50,5.00,-9.36,1.00,0.04,0.72,0.00,0.05,0.94,103.02,5HZJLQZRwrG9vSy1Mo1bhT,270291,4,Музыка звучит - Live,Разные исполнители,2017-10-26,43034,0,Исламей: юбилейный концерт - 25 лет (Live),0LyfQWJT6nXafLPZqxe9Of,15,13,FRX201722527
0.69,0.34,4.00,-14.21,0.00,0.03,0.93,0.00,0.08,0.33,126.98,7F119hoL9x20zfpbVBmU96,285127,4,Я тебя век не забуду,Хасан Мусаев,2017-10-25,43033,0,Чеченская гитара,4DaLUapDPnR5JpRG4lVpVF,37,10,GBLPF0118234
0.39,0.42,8.00,-9.01,0.00,0.05,0.79,0.00,0.14,0.25,160.68,5Rn4128GlDnLTKzLhPd5V2,273633,4,Я уйду,Хасан Мусаев,2017-10-25,43033,0,Чеченская гитара,4DaLUapDPnR5JpRG4lVpVF,37,14,GBLPF0118237
0.70,0.90,9.00,-3.77,1.00,0.13,0.19,0.00,0.10,0.72,105.01,61loWTwxhfMyavUo7ERG1R,193143,4,Для тебя,Нана Тибилова,2017-10-16,43024,0,Для тебя,70mV6vpix7iz2TwaRJWAnD,1,1,FRX201712251
0.63,0.91,11.00,-4.88,0.00,0.09,0.21,0.00,0.17,0.94,196.04,4IMbBNKBMAVVNGnVBrQ1db,225306,4,Изъяны,Эльбрус Джанмирзоев,2017-10-09,43017,16,Изъяны,4bnu8BeqS4NtzlJ006evSr,1,1,RUA1D1712956
0.48,0.83,11.00,-4.91,0.00,0.05,0.02,0.00,0.16,0.15,145.95,22NMqE9eTDM2FrhmmAXJ8N,237250,4,Адыгагъэ,Адлер Коцба,2017-10-07,43015,10,Адыгагъэ,4ajcoxNwqBPVy7NGDojgZo,1,1,TCADH1760619
0.61,0.88,4.00,-6.47,0.00,0.05,0.13,0.00,0.14,0.56,91.98,2GoRoWCrVl85xwWxDsokBC,309783,4,Momenatre,Зарина Тилидзе,2017-10-07,43015,6,Momenatre,4lTeKYVkNzPng0avUiu8Po,1,1,RUA1D1818589
0.65,0.71,1.00,-7.34,0.00,0.06,0.36,0.00,0.06,0.77,170.14,48hFS9xpbsl7mgWDEOv0EF,231576,4,Скажи мне да,Алан Музаев,2017-09-29,43007,0,Скажи мне да,0ZZIAalMqJG7BBhqb0rSsf,1,1,FRX201706170
0.71,0.60,10.00,-12.57,0.00,0.03,0.10,0.18,0.11,0.83,104.00,7neANsejgj7JCCH7gJnnha,244080,4,Мужичок за 50,Daniko,2017-09-05,42983,0,Мужичок за 50,2yssx6GOFOcvqjzQTE0wjI,19,1,QZ5FN1735761
0.54,0.48,6.00,-12.04,0.00,0.11,0.29,0.00,0.03,0.87,60.86,4pbBJKGMdgYJbT9WmVEQws,233064,4,Своим друзьям,Daniko,2017-09-05,42983,1,Хрустальный замок,2yssx6GOFOcvqjzQTE0wjI,19,9,QZ5FN1735810
0.79,0.94,11.00,-2.69,0.00,0.12,0.02,0.00,0.32,0.93,90.02,7lZfuT8lpQOSVweRukutrl,212370,4,Караванщик,Руслан Гасанов,2017-09-01,42979,1,Караванщик,4ykuRTIMNOp8TYsMvA3LY4,20,1,FR96X1748552
0.63,0.99,10.00,-1.97,0.00,0.21,0.15,0.00,0.09,0.79,120.07,5GlKRxijIGo9WgLo9VpsZo,259579,4,Я влюблён,Руслан Гасанов,2017-09-01,42979,1,Караванщик,4ykuRTIMNOp8TYsMvA3LY4,20,2,FR96X1665607
0.63,0.82,9.00,-4.48,0.00,0.11,0.29,0.00,0.12,0.53,160.02,6vZxzPx5hAAcYH3PDhOvZm,272849,4,Мама,David Divad,2017-08-23,42970,0,Мама,3M4Tk7G493Ff4NeyaDgScR,1,1,FR96X1743235
0.71,0.77,8.00,-2.56,0.00,0.03,0.20,0.00,0.29,0.46,127.99,4kg4FbbUeNpj2T87uz3RVe,251250,4,Мама,Эльчин Кулиев,2017-08-22,42969,0,Моя Вселенная,2ResjyxmybSu56OdmD4vHd,5,5,FR96X1751353
0.64,0.99,7.00,-2.61,0.00,0.19,0.07,0.00,0.10,0.75,120.06,1LSSd6uFTJdXrL66EPONLX,242000,4,Дагестан,Эльчин Кулиев,2017-08-22,42969,0,Моя Вселенная,2ResjyxmybSu56OdmD4vHd,5,2,FR96X1751350
0.86,0.72,5.00,-4.91,0.00,0.04,0.19,0.00,0.27,0.91,128.02,2CL8Dj6ttunxG5EPpDofPo,259219,4,Ты моя,Mamikon,2017-08-15,42962,9,Только ради тебя,2bNoCI4JrJaWUcWtNfkWZx,37,1,TCADF1759439
0.73,0.76,9.00,-5.20,0.00,0.33,0.45,0.00,0.13,0.96,179.96,2pBljrOBjFxMrf3cDQWHJF,209500,4,Отойди (feat. Karen ТУЗ),Mamikon,2017-08-15,42962,8,Только ради тебя,2bNoCI4JrJaWUcWtNfkWZx,37,6,TCADF1759455
0.74,0.90,0.00,-4.52,0.00,0.08,0.31,0.00,0.18,0.85,109.96,6blASiqIKSnjjwZdZkbKrr,192693,4,Безам - сан марзо,Седа Мукаева,2017-07-22,42938,3,Безам - сан марзо,1RnRDZFTAFmvHJUf9CNA9e,12,1,GBLPF0129241
0.68,0.91,7.00,-5.95,0.00,0.08,0.10,0.00,0.13,0.73,126.90,7hWHNl6nUO5dJIq8vTPvkm,191869,4,Есть красивая,Азамат Пхешхов,2017-07-14,42930,2,"Постой, родная...",1IZrnNOZ9A39zhnWjAuN6p,11,7,FR59R1764652
0.72,0.91,6.00,-4.68,0.00,0.12,0.05,0.00,0.35,0.86,122.05,2yCjL0l43IwPr63SLoHwbK,263288,4,Чёрные глаза,Азамат Пхешхов,2017-07-14,42930,4,"Постой, родная...",1IZrnNOZ9A39zhnWjAuN6p,11,2,FR59R1764648
0.62,0.61,11.00,-5.88,0.00,0.04,0.67,0.00,0.10,0.56,100.04,0vkfbo6pT0KpbXef2ewSu7,170941,4,Марьям,Алла Бойченко,2017-07-14,42930,2,Марьям,6INy4ZmClB81huAOmoD7Or,6,2,FR59R1764627
0.60,0.98,0.00,-2.36,1.00,0.14,0.17,0.00,0.04,0.77,119.85,49jfANs0oT2j1e5Uxqr2iq,234841,4,Мысли о тебе,Разные исполнители,2017-07-02,42918,4,Чеченская лирика 2017,0LyfQWJT6nXafLPZqxe9Of,11,8,GBLPF0111850
0.67,0.97,11.00,-2.12,1.00,0.18,0.18,0.00,0.50,0.85,93.95,5QKJv1Y09xcDJ5kqKSOrYs,210454,4,Понаехали,Султан-Ураган,2017-07-01,42917,19,Понаехали,6CbqzviZ9Iw6gwzOxFVLvG,1,1,FR59R1774889
0.82,0.91,0.00,-2.85,1.00,0.11,0.01,0.00,0.42,0.83,130.02,0UB7FXEUZXdMm9Ivoy7YOh,240923,4,Моя любовь,Магомед Аликперов,2017-06-29,42915,0,О любви,6GaLvwjcmcxGlPg3d0l8EZ,14,5,FRX871576870
0.81,0.71,0.00,-6.75,0.00,0.04,0.19,0.00,0.11,0.77,139.97,31VnURWCms3sh29brc2zIp,233752,4,Звезда,Магомед Аликперов,2017-06-29,42915,0,О любви,6GaLvwjcmcxGlPg3d0l8EZ,14,13,FR10S1437636
0.43,0.36,5.00,-8.54,1.00,0.03,0.77,0.00,0.07,0.33,119.65,3q6ORGXXcgo32R1CN3wM3x,235572,4,My Life is a Koran (Nasheed),Разные исполнители,2017-06-28,42914,12,Nasheed Music 2017,0LyfQWJT6nXafLPZqxe9Of,14,7,GBLPF0128415
0.43,0.40,4.00,-9.66,0.00,0.05,0.73,0.00,0.15,0.65,73.57,0dtdCVcXWvFRKmnwoNKyM2,166478,3,Al Walida (Nasheed),Разные исполнители,2017-06-28,42914,6,Nasheed Music 2017,0LyfQWJT6nXafLPZqxe9Of,14,10,GBLPF0128418
0.52,0.90,9.00,-5.26,0.00,0.07,0.03,0.00,0.19,0.82,168.05,5Fu4zrraDrWdJWyjDvzDw6,209643,4,Сладкая,Артур Халатов,2017-06-26,42912,9,Сладкая,26CXjFHwoWLCE1YOsb4rs6,1,1,FR59R1749093
0.68,0.93,4.00,-4.17,0.00,0.17,0.42,0.00,0.17,0.51,109.97,1uDI0oCUtFTeslDXf4lzkO,225750,4,Счастливая,Разные исполнители,2017-06-23,42909,0,Чеченские Хиты 2017,0LyfQWJT6nXafLPZqxe9Of,15,15,GBLPF0128306
0.59,0.90,6.00,-3.71,0.00,0.05,0.04,0.00,0.11,0.73,93.99,2Sgugs5wN9qdZShLxFgwr5,206809,4,Боль,Ринат Каримов,2017-06-21,42907,0,Боль,1BAiKRvGO29yUYRomBEzap,1,1,QMPU51737974
0.46,0.96,7.00,-5.73,1.00,0.04,0.16,0.00,0.07,0.86,137.95,76bHzklIfyh7qVlo60LfhG,260023,4,Дочуля,Тимур Темиров,2017-06-13,42899,11,Дочуля,2qf6BlqsCa5caYcoZ8aloc,1,1,QM6MZ1791044
0.26,0.53,11.00,-5.84,0.00,0.05,0.81,0.00,0.50,0.73,65.70,4eoTvk3rv4MHCbxO0uvtSu,196768,4,Sallallahu Ala Muhammad,Заур Салихов,2017-06-11,42897,11,Nasheed Music,3mLHidxHjt1uB1Yesc02KO,7,4,GBLPF0127594
0.44,0.57,9.00,-8.90,0.00,0.06,0.25,0.00,0.07,0.33,180.20,31NHuGmOfYAN6A9Kt1r70n,214047,3,Набегает волна за волной,Джанибек Рамазанов,2017-05-26,42881,0,Набегает волна за волной,0EvEaaWAA6Rolf5EoGlcSL,11,3,FR2X41794498
0.52,0.74,9.00,-5.06,0.00,0.04,0.19,0.00,0.37,0.37,155.98,08u5tfGpvuXFDjjSrCprDr,258607,4,Мама,Зарина Бугаева,2017-05-25,42880,0,Наша любовь,76RnTMWPC6Mnm0lFZjvLC8,9,5,FR59R1645808
0.54,0.76,9.00,-7.26,0.00,0.12,0.67,0.00,0.10,0.58,79.98,5VYKCdLBXu3MzSdICpctJf,223655,4,Ahmad Al Haji,Иса Эсамбаев,2017-05-25,42880,5,Поднялась луна на небо,5Ix4euQdAHe3HKLq2lghNp,10,2,FR59R1713315
0.27,0.37,8.00,-10.45,0.00,0.04,0.90,0.00,0.11,0.31,123.94,5rMKjMH5WGw1wgRis1jnx4,212010,3,Allahu Ya Allah,Иса Эсамбаев,2017-05-25,42880,3,Поднялась луна на небо,5Ix4euQdAHe3HKLq2lghNp,10,3,FR59R1713316
0.41,0.43,10.00,-8.11,1.00,0.03,0.79,0.00,0.08,0.30,77.13,1qiZQpzzqWngImPLpx0M1h,255617,4,Ya Ilahi,Иса Эсамбаев,2017-05-25,42880,3,Поднялась луна на небо,5Ix4euQdAHe3HKLq2lghNp,10,6,FR59R1713319
0.80,0.86,8.00,-6.67,0.00,0.03,0.04,0.00,0.08,0.94,97.99,1fILflsbdFnCmfKlL335Z9,259030,4,Душа бандита,Мурат Тхагалегов,2017-05-23,42878,34,Звезда востока,5maQ7xVuYI2948CcOq6Q4O,13,2,FR2X41787607
0.34,0.57,1.00,-9.35,1.00,0.05,0.49,0.00,0.10,0.56,130.01,25lk4vXlQeu7XAVPai999s,238681,4,Теша хьо,Ильяс Аюбов,2017-05-09,42864,9,Теша хьо,2rLyjqMXDzNVvu6ue6KhpY,18,2,GBLPF0125302
0.69,0.82,5.00,-2.87,1.00,0.04,0.39,0.00,0.33,0.68,84.93,4r1MoZNoMKIOEw91C6U8EG,279484,4,Нелюбовь,Ольга Баскаева,2017-05-02,42857,1,Нелюбовь,0raBd7Gvhe40Dziyq4c2A8,6,3,FR2X41753101
0.66,0.98,1.00,-1.68,1.00,0.13,0.02,0.00,0.06,0.84,104.99,3nRHB6H2ya6Sl1WPTgbEVS,270054,4,Ма хаза йоьду зама,Тамара Адамова,2017-04-29,42854,8,Полный сборник песен,7joL5GVzAzRxE3Pz2DHDes,53,46,GBLPF0098942
0.53,0.98,2.00,-5.04,0.00,0.07,0.05,0.00,0.37,0.82,124.13,3aqSb1P904sZ7ZYvpyw9Rq,291348,4,Безаман хаза йоза,Тамара Адамова,2017-04-29,42854,0,Полный сборник песен,7joL5GVzAzRxE3Pz2DHDes,53,17,GBLPF0098918
0.67,0.52,9.00,-5.31,0.00,0.03,0.46,0.00,0.16,0.36,140.05,0gcUqZWDQ6YnAHT10he4X8,181714,4,Сбереги любовь,Sergey Zeynalyan,2017-04-28,42853,0,Сбереги любовь,5Em2l99yu4d5XIFv3jX9V1,1,1,FR2X41769068
0.66,0.98,0.00,-3.13,1.00,0.11,0.00,0.00,0.27,0.87,117.98,2ZMhgTWbCx4an2lXlCbtMp,227797,4,Дагестан,Сабина Абдуллаева,2017-04-28,42853,1,Сила любви,7aJdhiEnp0RuC8CDjC8D9b,19,4,FR2X41769052
0.71,0.56,0.00,-9.83,1.00,0.03,0.18,0.00,0.12,0.53,129.99,1R1oThlUuhn62zcu0fxCJ3,256615,4,Не плачь,ЭGO,2017-04-25,42850,20,У руля,6z0RqMOlBhJ1zgjcN5bw6d,12,12,FR2X41754118
0.73,0.83,10.00,-4.24,0.00,0.06,0.01,0.00,0.09,0.79,126.01,62gg9MIH1tJneyHPPVHjkv,256993,4,Дышу тобой,Ханчик,2017-04-22,42847,4,Нежная,7gem7Ml9I9KiidiUnEgUz2,25,3,QM4TX1795961
0.68,0.75,4.00,-10.04,0.00,0.04,0.33,0.00,0.32,0.93,169.98,5Lad7vdb5VT8w0zMAa4Awg,202004,4,Так загадано было судьбой,Альбина Царикаева,2017-04-11,42836,2,Так загадано было судьбой,2oRIrUEi5tyz7IAxVUTl0U,1,1,FR2X41745982
0.70,0.85,3.00,-4.89,0.00,0.05,0.02,0.00,0.37,0.75,100.00,1eFNEvYLddKhCrDkZQrqaD,242400,4,На краю Земли,Ханчик,2017-04-11,42836,17,На краю Земли,7gem7Ml9I9KiidiUnEgUz2,1,1,RUA1D1705768
0.77,0.89,0.00,-4.45,0.00,0.13,0.33,0.00,0.23,0.96,102.80,5wRfwkdt8rI8CbPoFPqSMd,228232,3,EL OV-EL OV (Кто же),ARTEM ARTI,2017-04-01,42826,0,"Нежная, милая",5Ek4k01A2XfrOz67u6AMpM,4,1,FR2X41741738
0.73,0.83,11.00,-3.72,0.00,0.04,0.10,0.00,0.33,0.66,118.99,2xM5dOWdSLo326JcK5L0kV,249076,4,Я не буду говорить ей,Магамед Алмазов,2017-04-01,42826,1,С букетом белых роз,0iPmQs5GxwTFHzvW9X9IlJ,6,6,FR2X41741822
0.49,0.89,2.00,-4.63,0.00,0.05,0.00,0.00,0.08,0.77,134.03,23mhd6v3woJwzDSJSIAMjB,356333,4,С букетом белых роз,Магамед Алмазов,2017-04-01,42826,1,С букетом белых роз,0iPmQs5GxwTFHzvW9X9IlJ,6,2,FR2X41741818
0.77,0.92,4.00,-3.81,0.00,0.24,0.14,0.00,0.41,0.86,105.01,3CcXRg2F8y4sVUszDvQuLl,219481,4,Даймохкахь,Ильяс Эбиев,2017-03-23,42817,3,Новые хиты 2017,4svGNpqWMIHKz2enzQzEMF,5,3,GBLPF0118015
0.55,0.69,4.00,-5.83,0.00,0.08,0.17,0.00,0.12,0.60,149.93,2BzeIxgFONazmxmEr7TXpt,275185,4,Я люблю,Хусейн Расаев,2017-03-09,42803,0,Полный сборник песен,5JqQoiFfA877tjqAyAbgEb,62,10,GBLPF0115516
0.56,0.68,8.00,-5.98,1.00,0.04,0.36,0.00,0.09,0.43,129.91,5K8ckcsqUx3ZaouNGyJxGm,303661,4,Es Axjike Gija,Saro Tovmasyan,2017-03-02,42796,14,Es Axjike Gija,6EQiiQ8GIF3taHqIVGns5D,1,1,FR96X1811878
0.66,0.81,5.00,-6.33,0.00,0.04,0.04,0.00,0.06,0.66,124.95,629Iw2gUl778y7FpQ7aEkk,263563,4,Хьо са безам бу (Ты моя любовь),Астемир Апанасов,2017-02-28,42794,9,Хьо са безам бу (Ты моя любовь),2UxPhPElyhckjpncZ8YgRy,1,1,TCACY1751708
0.69,0.97,11.00,-3.85,0.00,0.09,0.02,0.00,0.47,0.81,128.02,7iR2rXVXcv6jmuxskiSphy,257813,4,Как я любил тебя,Авет Маркарян,2017-01-22,42757,17,Любовь и сон,5x6B1WXZ7erI0ZNGF8Uaes,13,5,FR10S1741629
0.67,0.90,11.00,-4.53,0.00,0.05,0.28,0.00,0.34,0.73,90.07,2kRgdCpOJ4NrkQInzymO3L,189231,4,Модница,Авет Маркарян,2017-01-22,42757,13,Любовь и сон,5x6B1WXZ7erI0ZNGF8Uaes,13,11,FR10S1741635
0.41,0.86,11.00,-4.71,0.00,0.08,0.76,0.00,0.10,0.85,186.05,0PdlM1lrIH3A2ub3kTQdJw,257019,4,Честь,Ризавди Исмаилов,2017-01-18,42753,13,Нохчи Эшарш,49zJvztxHSKOq9iogruH5b,20,1,GBLPF0110457
0.72,0.81,1.00,-2.66,0.00,0.03,0.19,0.00,0.18,0.80,120.99,4LvbI996a2BEF9FXXtbq4J,288861,4,Мама,Зарина Тилидзе,2017-01-01,42736,18,Мама,4lTeKYVkNzPng0avUiu8Po,1,1,RUA1D1812953
0.52,0.63,8.00,-5.82,0.00,0.05,0.83,0.00,0.15,0.35,143.70,3N4rtHkr7Kv5LwKSGAb83F,254167,4,Моя невеста,ARTEM ARTI,2016-12-26,42730,9,Моя невеста,5Ek4k01A2XfrOz67u6AMpM,1,1,FRX201662371
0.76,0.98,9.00,-3.55,0.00,0.06,0.07,0.00,0.33,0.95,132.05,3nLwoDMMUt2zYIk4Gsa81E,230424,4,Счастливы вместе,Лина Ярикова,2016-12-16,42720,0,Счастливы вместе,4AT38i1Hf7wqQLVjcf1HrY,5,1,FRX201648745
0.59,0.49,7.00,-8.23,0.00,0.05,0.80,0.00,0.15,0.97,128.97,7HnUCLXaqWxrggfNX8kW3Z,115513,4,Чечня,Тамара Дадашева,2016-12-02,42706,0,Звезда счастья,0UomUj7mlFAijRj6PrwopR,26,26,FRX201607737
0.72,0.66,5.00,-4.66,0.00,0.19,0.04,0.00,0.05,0.72,92.23,0UGcud3UdXuSBPzAqB6WsC,217989,4,Белая птица,Руслана Собиева,2016-12-01,42705,0,Белая птица,6nWZOozm0Ac1o627NG6OgN,1,1,FRX201610658
0.68,0.94,4.00,-5.19,0.00,0.18,0.07,0.00,0.07,0.90,115.92,5tJQ7XiAKQCXFbB3dWZhWv,276848,4,Карачай,Разные исполнители,2016-11-05,42679,0,"Caucasian Hit, Vol. 4",0LyfQWJT6nXafLPZqxe9Of,21,13,FR6V81985293
0.59,0.86,10.00,-4.43,0.00,0.04,0.19,0.00,0.39,0.69,150.03,0m9N3rZiKPrR8z7Zr5lco1,218384,5,Пиковая дама,Магамет Дзыбов,2016-11-01,42675,22,Пиковая дама,2E8f68sEr0xCkFTAKGFCIf,12,5,FR6V82446106
0.76,0.78,0.00,-8.19,0.00,0.09,0.08,0.00,0.10,0.87,92.03,4i3U6So5D5Jdx0UEVSu7qp,260040,4,Было мало нам,ЭGO,2016-10-28,42671,21,Не со мной,6z0RqMOlBhJ1zgjcN5bw6d,17,17,FR96X1650091
0.54,0.44,9.00,-11.51,0.00,0.02,0.42,0.00,0.09,0.37,97.52,1IkWKgE7ylNTQ80EQvoSNk,325225,3,Не со мной,ЭGO,2016-10-28,42671,23,Не со мной,6z0RqMOlBhJ1zgjcN5bw6d,17,16,FR96X1650090
0.72,0.37,8.00,-12.64,0.00,0.27,0.74,0.00,0.09,0.46,155.91,5HMa7hpx2sNB1LSiS1ItP3,213630,4,Разве ты не знаешь,ЭGO,2016-10-28,42671,30,Не со мной,6z0RqMOlBhJ1zgjcN5bw6d,17,7,FR96X1650081
0.60,0.47,8.00,-11.04,1.00,0.16,0.20,0.00,0.07,0.57,170.10,4xuE6jb7iUaIoJ4A4hUEZ9,330432,4,Скучаю,ЭGO,2016-10-28,42671,22,Не со мной,6z0RqMOlBhJ1zgjcN5bw6d,17,1,FR96X1650075
0.59,0.67,8.00,-9.79,0.00,0.38,0.51,0.00,0.07,0.51,90.37,6mT0oVgMWL9tnyepsDIfKA,345072,4,Последнее признание,ЭGO,2016-10-28,42671,19,Не со мной,6z0RqMOlBhJ1zgjcN5bw6d,17,13,FR96X1650087
0.69,0.44,4.00,-10.79,0.00,0.12,0.30,0.00,0.12,0.44,87.00,2vOFLEnQ371NEOgtYZf0bN,223706,4,Иду на дно,ЭGO,2016-10-28,42671,18,Не со мной,6z0RqMOlBhJ1zgjcN5bw6d,17,11,FR96X1650085
0.80,0.75,0.00,-8.48,1.00,0.30,0.07,0.00,0.12,0.87,100.01,505v5pqPxTcsYKrloEbnFM,208797,4,Даймехкан аз,Хеда Хамзатова,2016-10-20,42663,6,Сборник лучших песен 2016,0xnpYJ7FZbljlcg5ehq2XF,12,11,GBLPF0099966
0.49,0.89,9.00,-6.01,1.00,0.13,0.48,0.00,0.05,0.38,111.95,0vA8CU6YAZ52qlxX6JVh3E,243521,4,Хьол хаза. хьол аьозда,Хеда Хамзатова,2016-10-20,42663,8,Сборник лучших песен 2016,0xnpYJ7FZbljlcg5ehq2XF,12,3,GBLPF0099962
0.70,0.73,7.00,-7.51,0.00,0.06,0.14,0.00,0.13,0.64,89.99,6L16qAyyorBGBpS9792RTq,188529,4,Не отдам тебя никому,Рамазан Кайтмесов,2016-10-10,42653,3,Не отдам тебя никому,3nsutEvmLWZaI7aJsRX1xE,26,1,FR6V81954880
0.72,0.95,4.00,-5.05,0.00,0.06,0.23,0.00,0.16,0.97,119.97,5iGO20BSUf8wNDYOEiLxaB,199105,4,Колорадский жук,Рамазан Кайтмесов,2016-10-10,42653,0,Не отдам тебя никому,3nsutEvmLWZaI7aJsRX1xE,26,22,FR96X1617367
0.66,0.83,0.00,-7.62,1.00,0.04,0.01,0.00,0.17,0.70,125.04,47mpc9l53gqrQhH4meiWCx,251729,4,Тишина,Альви,2016-10-06,42649,1,Тишина,4vW3cKulfzmd4LohnA3sQB,23,23,FR6V82511922
0.76,0.49,0.00,-5.26,0.00,0.08,0.84,0.00,0.11,0.54,99.86,6yc6eLttQC9pdhN6Xn4f9I,141740,4,Курильщикам трудно,Заур Магомадов,2016-10-04,42647,11,Чеченские барды,5sNoVikNyCJLSF7eXFCuRU,37,13,GBLPF0098175
0.53,0.59,4.00,-4.04,1.00,0.03,0.71,0.00,0.14,0.22,97.97,27KmEa97jO89qD8uYRnDOq,218201,4,Судили девушку одну,Заур Магомадов,2016-10-04,42647,1,Чеченские барды,5sNoVikNyCJLSF7eXFCuRU,37,9,GBLPF0098180
0.69,0.35,9.00,-8.11,0.00,0.11,0.86,0.00,0.12,0.46,120.65,7irXAhX9iQss7yizIvsS8i,121443,4,За Хасана,Заур Магомадов,2016-10-04,42647,1,Чеченские барды,5sNoVikNyCJLSF7eXFCuRU,37,19,GBLPF0098476
0.80,0.89,2.00,-8.05,0.00,0.09,0.35,0.05,0.26,0.96,120.00,5ReGlxbl0oD19Lbb80dj33,176144,4,Хутмат,Турпал Абдулкеримов,2016-10-04,42647,1,Баркалла,1Q1F7ZFgdLBopNStUaxsC5,8,4,GBLPF0098076
0.71,0.95,7.00,-5.32,0.00,0.28,0.02,0.00,0.05,0.84,120.06,7bqNAVMMR3JmaSyTAFBiuI,214779,4,Мой Нанак,Тамила Сагаипова,2016-10-03,42646,26,Альбом 3,1CCJZYieKyWtndqEFJRYiB,8,8,GBLPF0098174
0.59,0.95,2.00,-6.00,0.00,0.04,0.22,0.00,0.12,0.89,145.97,0aVgRsRM7m6SUyjLc1IhI2,256418,4,Теша соьх,Тамила Сагаипова,2016-10-03,42646,5,Dance Lezginka,1CCJZYieKyWtndqEFJRYiB,8,4,GBLPF0098040
0.45,0.81,0.00,-9.37,1.00,0.20,0.34,0.00,0.68,0.85,104.56,40Fs3IklrFvoJE4sIGS5Yt,183264,4,В горах Кавказа,Тамила Сагаипова,2016-10-03,42646,2,Альбом 3,1CCJZYieKyWtndqEFJRYiB,8,7,GBLPF0097980
0.75,0.84,9.00,-4.24,0.00,0.33,0.21,0.00,0.22,0.86,180.03,2yJmVNFxPYklP5X12I1wW0,160008,3,Мадина,Турпал Абдулкеримов,2016-10-03,42646,22,Caucas Pop 2016,1Q1F7ZFgdLBopNStUaxsC5,7,1,GBLPF0098041
0.91,0.64,2.00,-7.38,0.00,0.04,0.06,0.00,0.11,0.60,99.99,77YBSOdnbldojA3cpUl0FN,307278,4,Друг,Турпал Абдулкеримов,2016-10-03,42646,15,Caucas Pop 2016,1Q1F7ZFgdLBopNStUaxsC5,7,3,GBLPF0098048
0.71,0.74,9.00,-6.69,0.00,0.03,0.47,0.00,0.16,0.68,120.03,5FR4VvGZqREKlF4rjYEl8n,184085,4,Буьйса,Турпал Абдулкеримов,2016-10-03,42646,1,Caucas Pop 2016,1Q1F7ZFgdLBopNStUaxsC5,7,7,GBLPF0098045
0.60,0.89,1.00,-4.32,0.00,0.04,0.53,0.10,0.79,0.66,146.00,7gLXxbjPEFW1PxumQECzs0,238080,4,Armenia,Tata Simonyan,2016-09-07,42620,6,Солнечная Армения 1,1cSJlOC1UopP3he6PqDIik,15,1,RUA640905455
0.47,0.85,1.00,-6.15,1.00,0.04,0.54,0.00,0.22,0.96,180.10,776q3cwA6CiIuhk4x5hvMb,194987,3,Mnam Mnam,Hayk Ghevondyan,2016-09-07,42620,2,Моя Армения 1,69ieBr7kNiz7ZMoBq6dfzf,14,9,RUA640905569
0.65,0.42,10.00,-11.48,1.00,0.03,0.81,0.00,0.08,0.11,142.08,34qNIQMu41F8ddFCEgzzIN,210000,4,Балую,Fedos,2016-09-01,42614,2,Балую,1cwDMBhtFuKlqsVuPs8MgO,10,2,FR2X41400243
0.78,0.73,0.00,-6.98,0.00,0.06,0.40,0.00,0.12,0.43,99.99,0Sf65vYuSAmlcUfOlDy4Sj,204885,4,Я скучаю по тебе,Fedos,2016-09-01,42614,0,Балую,1cwDMBhtFuKlqsVuPs8MgO,10,5,FR59R1661131
0.55,0.98,7.00,-1.95,1.00,0.26,0.06,0.00,0.10,0.80,199.96,3n2FJvO5Dun2Pca6qTwKlS,223767,4,На танцах,Айна Гетагазова,2016-08-29,42611,1,Ингушетия,3s2Yxppjz0RFnzkxJHR1EF,16,8,RUA640904736
0.71,0.76,9.00,-7.54,0.00,0.05,0.74,0.00,0.10,0.56,95.00,2Cg6t5OzGyJRy4nAMyxz7L,268051,4,Птица счастья,Айна Гетагазова,2016-08-29,42611,0,Ретро,3s2Yxppjz0RFnzkxJHR1EF,12,11,RUA640904727
0.78,0.74,11.00,-6.87,1.00,0.04,0.00,0.00,0.08,0.44,115.00,5Job3qBZrkusubjx8Vwk6M,310988,4,Вспоминаю,Аслан Кятов,2016-08-16,42598,17,Одиночество,5WLACj4UUMslTGZzxrNJQt,10,9,FR59R1643854
0.56,0.29,2.00,-11.49,0.00,0.04,0.49,0.00,0.09,0.27,140.20,30zOT1hfoKHkJYPogyt2KF,248561,4,Не изменить судьбу,Sergey Zeynalyan,2016-07-29,42580,3,Не изменить судьбу,5Em2l99yu4d5XIFv3jX9V1,1,1,FR59R1632218
0.70,0.93,1.00,-3.21,0.00,0.03,0.03,0.00,0.19,0.70,110.01,63OhTECZiHVyLZi22VnIvp,252000,4,Самый нежный,Фатима,2016-07-15,42566,7,За своей мечтой,0rXYWElWu1Y39ePO3u9wXL,14,9,FR59R1616142
0.82,0.91,6.00,-2.94,0.00,0.14,0.30,0.00,0.03,0.90,130.02,0vp6llh228nz0q7NSCy05Y,249346,4,Счастье моё,Фатима,2016-07-15,42566,0,За своей мечтой,0rXYWElWu1Y39ePO3u9wXL,14,7,FR59R1616140
0.80,0.88,6.00,-4.22,0.00,0.11,0.20,0.00,0.41,0.95,120.04,26jNzrmqOwM7oq1WsJJJut,248059,4,Сердце знает,Фатима,2016-07-15,42566,0,За своей мечтой,0rXYWElWu1Y39ePO3u9wXL,14,10,FR59R1616143
0.66,0.78,6.00,-8.66,0.00,0.04,0.03,0.00,0.04,0.84,101.23,1Qmds48QmRx2f1qsz0TWPt,295024,3,Yerevan,Tata Simonyan,2016-07-14,42565,13,"Andzrev e Ekel, Vol. 6",1cSJlOC1UopP3he6PqDIik,9,1,RUA640904608
0.75,0.95,0.00,-2.55,1.00,0.11,0.19,0.00,0.34,0.84,111.97,3y8tkErjtE5mwzIRpa6fuH,238021,4,Наш Кавказ,Айшат Айсаева,2016-07-12,42563,19,Северный Кавказ,5PhFbqncLkeMeJnA71Ztqe,14,7,FR59R1609187
0.59,0.99,0.00,-3.61,1.00,0.08,0.00,0.00,0.33,0.85,95.01,5nEw5QdEFMfeJ1dXLNMVXC,227368,3,Акушинка,Айшат Айсаева,2016-07-12,42563,1,Северный Кавказ,5PhFbqncLkeMeJnA71Ztqe,14,9,FR59R1609189
0.65,0.96,0.00,-1.83,1.00,0.28,0.36,0.00,0.04,0.92,200.09,01RgQWe4fENkTwWkfZBEwr,292100,4,Любовная ссора,Айшат Айсаева,2016-07-12,42563,1,Северный Кавказ,5PhFbqncLkeMeJnA71Ztqe,14,2,FR59R1609182
0.78,0.74,7.00,-10.28,0.00,0.07,0.16,0.00,0.50,0.87,118.00,1etucTl6TjsE8xuKORNfvQ,343792,4,Чёрные глаза,Айдамир Мугу,2016-06-08,42529,43,Чёрные глаза,0NFPX1PX5EeOtPhUUbWAwW,9,1,FR2X41669604
0.82,0.81,0.00,-13.16,0.00,0.04,0.02,0.00,0.35,0.93,127.18,5o8mlB96oiOHDrA2oA4IIT,222929,4,Есть красивая,Айдамир Мугу,2016-06-08,42529,22,Чёрные глаза,0NFPX1PX5EeOtPhUUbWAwW,9,3,FR2X41669606
0.72,0.81,7.00,-11.16,0.00,0.10,0.18,0.00,0.26,0.20,124.93,5zJl13ye2xskRrZBx5MW6B,226691,4,Кавказ,Айдамир Мугу,2016-06-08,42529,11,Чёрные глаза,0NFPX1PX5EeOtPhUUbWAwW,9,6,FR2X41669609
0.66,0.80,5.00,-4.65,0.00,0.18,0.17,0.00,0.11,0.93,90.02,5lrQ17pxu7sZdvHcjtmteJ,212193,4,Адыгэ пщащэ,Черим Нахушев,2016-06-08,42529,15,Гугъэм гъащlэ къызетыж,75Km0gTiyBrny6xcQe9I3f,16,16,FR2X41686943
0.70,0.84,10.00,-6.77,0.00,0.22,0.02,0.00,0.38,0.83,110.03,0BgkwAZ57v6eimR0JaQdTO,177032,4,Приора,Алик Герман,2016-06-01,42522,0,Мечтаю о тебе,3f0F0E85kULI9SUJB0y857,9,5,FR2X41669026
0.69,0.87,11.00,-5.49,1.00,0.24,0.02,0.32,0.29,0.92,188.00,7An5bc00MHMsoiKYlNwpQx,163625,4,Ингушская шуточная,Амур Успаев,2016-05-27,42517,17,Суперлезгинка,550ELaYuV1dnuJUbFAJ41i,11,6,FR6V81947050
0.78,0.88,2.00,-5.39,0.00,0.05,0.06,0.10,0.05,0.96,104.98,4FwSOZXoCDm6sIzIfOj9d8,179026,4,Гимн дикой дивизии,Амур Успаев,2016-05-27,42517,2,Суперлезгинка,550ELaYuV1dnuJUbFAJ41i,11,3,FR2X41670348
0.71,0.82,4.00,-8.85,0.00,0.06,0.07,0.00,0.07,0.66,100.04,42XIsxflr3kGeX0ExL4HGs,294818,4,Дари-дури,Амур Успаев,2016-05-27,42517,3,Суперлезгинка,550ELaYuV1dnuJUbFAJ41i,11,5,FR2X41670349
0.82,0.77,2.00,-5.12,1.00,0.06,0.12,0.00,0.11,0.73,102.99,3eS7lhQTYw1SDrgw9wO7M7,180583,4,Сеньорита,Karen Туз,2016-05-26,42516,33,Ты именно та,4BFqXZmGEUg6fsnnoPNYN2,25,6,TCACO1672111
0.54,0.55,7.00,-7.07,0.00,0.03,0.79,0.00,0.11,0.45,168.07,14KVP5qtCFdQVS33237C3a,272143,4,Тишина,Эльбрус Джанмирзоев,2016-05-20,42510,20,Бродяга,4bnu8BeqS4NtzlJ006evSr,21,11,RUB421600531
0.84,0.94,6.00,-1.94,1.00,0.04,0.11,0.00,0.06,0.98,93.00,53yneuRwAgbLkFkaJkmAZR,196788,4,Только не бойся,Эльбрус Джанмирзоев,2016-05-20,42510,28,Бродяга,4bnu8BeqS4NtzlJ006evSr,21,2,RUB421600523
0.76,0.93,8.00,-3.08,0.00,0.32,0.32,0.00,0.33,0.96,180.04,6vxVcSs2J7TTfdrHxPMztr,245333,4,Бродяга (feat. Alexandros Tsopozidis),Эльбрус Джанмирзоев,2016-05-20,42510,40,Бродяга,4bnu8BeqS4NtzlJ006evSr,21,1,RUB421401456
0.57,0.85,0.00,-5.61,0.00,0.08,0.13,0.00,0.43,0.63,74.88,51biwoL9UY7gMswEXIayYi,165433,4,Каспийское море,Вахид Аюбов,2016-05-06,42496,2,Деги Езар,4VqgOlYbeq9AR3FYE5rE2j,9,6,FR2X41634126
0.63,0.72,1.00,-8.08,1.00,0.06,0.05,0.00,0.58,0.14,90.00,2zn4aWJpX7lgOrKdOTTZzR,277316,4,Выселение,Вахид Аюбов,2016-05-06,42496,7,Деги Езар,4VqgOlYbeq9AR3FYE5rE2j,9,5,FR2X41634125
0.71,0.77,8.00,-7.96,1.00,0.04,0.16,0.00,0.10,0.38,112.06,2SGljqkVoyNkToPR98G84d,280633,4,Исцеление,Вахид Аюбов,2016-05-06,42496,5,Деги Езар,4VqgOlYbeq9AR3FYE5rE2j,9,8,FR2X41634128
0.69,0.91,0.00,-6.50,1.00,0.06,0.07,0.33,0.19,0.78,93.00,6fzuiGMLBAQxKVeFbWRXsC,228009,4,Хьэчым и къафэ,Черим Нахушев,2016-04-25,42485,10,Рассвет,75Km0gTiyBrny6xcQe9I3f,16,16,FR2X41629783
0.75,0.64,0.00,-6.93,0.00,0.10,0.03,0.00,0.17,0.68,90.03,1ROCvCO6Xf90u2JQmsGqNe,162424,4,"Бадола (Ребёнок, дитя)",Альбина Царикаева,2016-04-22,42482,9,Бадола,2oRIrUEi5tyz7IAxVUTl0U,21,1,FR2X41613599
0.61,0.89,5.00,-2.61,0.00,0.05,0.07,0.00,0.27,0.62,90.06,6aE3JZzNnNGdlzIU9ZUkMe,237333,4,Шансов ноль,Анжелика Начесова,2016-04-19,42479,22,Шансов ноль,7hE9HI7twrdvLDhgT1MELx,1,1,FR2X41621741
0.68,0.86,4.00,-3.12,0.00,0.03,0.25,0.00,0.13,0.69,140.11,2gZjSPh8qjUMkA1BazIPxM,238341,4,Журавли,Руслан Агоев,2016-04-15,42475,10,Журавли,7EBrib4MA5hCJBaJvV3lir,1,1,FR10S1699289
0.66,0.43,2.00,-9.08,1.00,0.13,0.35,0.00,0.34,0.32,134.07,166quvAT6iI0fWKHmv98FJ,215373,4,Нашид,Хорлам Шунгаров,2016-03-25,42454,0,Миллетиме,2gCeaUWBzqDzBygRMakObk,12,11,FR10S1661009
0.68,0.89,5.00,-6.50,0.00,0.20,0.03,0.00,0.06,0.74,114.86,6wfBUVxNYXPISc5Wsm5YTG,212069,4,"Кавказ, Ч. 1",Шамхан Далдаев,2016-03-14,42443,21,Кавказ,4gGI5PlhPyJt4yrR9iwGfq,22,2,FR6V82612489
0.68,0.82,9.00,-7.03,0.00,0.22,0.03,0.00,0.05,0.78,116.96,5k6Km0fEUmt05dweZIO17G,150674,4,Только там,Шамхан Далдаев,2016-03-14,42443,2,Кавказ,4gGI5PlhPyJt4yrR9iwGfq,22,12,FR10S1647632
0.73,0.85,10.00,-6.86,0.00,0.17,0.37,0.00,0.26,0.69,92.69,55SbILfcitmFAbvtBDzr44,188865,4,Письмо,Шамхан Далдаев,2016-03-04,42433,5,Зелёные глаза,4gGI5PlhPyJt4yrR9iwGfq,21,21,FR6V82495530
0.59,0.79,0.00,-6.72,0.00,0.05,0.11,0.00,0.12,0.67,167.98,5gKPrPrHH4UNpRe86w2RG2,210179,4,Сильные умеют уходить,Руслана Собиева,2016-02-17,42417,3,Пообещай мне любовь,6nWZOozm0Ac1o627NG6OgN,12,6,FR10S1629951
0.54,0.68,0.00,-7.09,0.00,0.04,0.21,0.00,0.13,0.64,82.01,4bdc4OfnLXycFEYMAL4HlX,279172,4,Люблю тебя,Руслана Собиева,2016-02-17,42417,10,Пообещай мне любовь,6nWZOozm0Ac1o627NG6OgN,12,5,FR10S1629950
0.66,0.96,0.00,-4.48,0.00,0.16,0.34,0.00,0.08,0.87,169.91,0I6bTxWcEppuV3bWZsWzBZ,243154,4,Мэздэгу къафэ,Азамат Беков,2016-01-15,42384,1,Кавказ,54silbizVIRxE1T7TSnYgz,20,18,FR2X41597887
0.73,0.94,4.00,-3.65,0.00,0.16,0.34,0.00,0.04,0.90,107.01,7ipdXaDcwpTmjw8ddi8DPE,176636,4,Кавказ,Азамат Беков,2016-01-15,42384,0,Кавказ,54silbizVIRxE1T7TSnYgz,20,15,FR2X41597878
0.66,0.99,0.00,-1.92,0.00,0.22,0.01,0.00,0.40,0.67,123.04,4rLQoTPJuagUmq9WsLum6V,285854,4,Назови меня по имени,Магамед Алмазов,2015-12-25,42363,1,Назови меня по имени,0iPmQs5GxwTFHzvW9X9IlJ,1,1,FR2X41575013
0.71,0.77,7.00,-6.16,1.00,0.08,0.00,0.00,0.10,0.55,127.99,1zRnuEqo4vS7GqeUZYlR3N,225123,4,Любовь и сон,Разные исполнители,2015-12-15,42353,0,"Самые сливки танцевальные, Ч. 13",0LyfQWJT6nXafLPZqxe9Of,30,28,FR2X41599525
0.62,0.91,6.00,-5.53,1.00,0.05,0.01,0.00,0.07,0.88,119.98,1avWQl9qRUQLAZ5HE81jNh,217652,4,Моря гладь,Амирина,2015-12-04,42342,10,Любовь - это яд,5DiKRa09GoaUq6ZA2NbK4p,12,4,FR6V81985265
0.53,0.88,7.00,-5.48,1.00,0.12,0.07,0.00,0.31,0.83,104.93,5eI07yQbY4qD4NmKxl1EFR,222611,4,Народы Кавказа,Альбина Токова,2015-11-20,42328,9,Сердце горянки,6fSx3azHOIFgO8AZlojs5M,16,1,FR6V81980421
0.46,0.52,11.00,-5.87,0.00,0.04,0.42,0.00,0.09,0.18,139.91,4MBitjgOEc1vXUoJSyRKzp,233357,4,Турнала,Альбина Токова,2015-11-20,42328,0,Сердце горянки,6fSx3azHOIFgO8AZlojs5M,16,16,FR10S1545234
0.86,0.76,7.00,-6.51,0.00,0.14,0.03,0.00,0.04,0.91,116.00,6oQFfcv9oAGeWBREIzvF2Y,212486,4,Ты играла,Дата Карчава,2015-11-13,42321,2,Аста ла виста,3SfN5cAA5ShWoIARfdupQe,10,4,FR6V81998438
0.75,0.86,7.00,-4.62,0.00,0.10,0.02,0.00,0.32,0.94,105.99,4ELeZLtWFweFPQiklpw9Cs,185338,4,Я родился на Кавказе,Дата Карчава,2015-11-13,42321,3,Аста ла виста,3SfN5cAA5ShWoIARfdupQe,10,9,FR6V81999484
0.85,0.83,2.00,-6.61,0.00,0.06,0.14,0.00,0.05,0.96,99.99,1UJV1AGi5TrN5K05jDB0ew,197256,4,Аста ла виста,Дата Карчава,2015-11-13,42321,6,Аста ла виста,3SfN5cAA5ShWoIARfdupQe,10,2,FR6V81978351
0.33,0.67,2.00,-3.86,0.00,0.04,0.56,0.00,0.17,0.36,139.76,25oRMTcqFdoq6hQq2vpP08,185783,4,Время,Азамат Цавкилов,2015-07-01,42186,0,Стеклянное сердце,2U816rMP6HbF9XWNz0Lh9i,14,7,FRX871576955
0.62,0.88,0.00,-4.52,0.00,0.04,0.53,0.00,0.09,0.90,84.01,6Mr1nBJBrIwSVGHKxefkK6,237373,4,Армения моя,Mamikon,2015-03-17,42080,2,Лепестками роз,2bNoCI4JrJaWUcWtNfkWZx,10,7,TCACE1567661
0.74,0.96,2.00,-2.56,0.00,0.08,0.03,0.00,0.17,0.91,119.99,6vy8rnXsatxlFtycPY2q7x,210442,4,Хожу хмельной,Азамат Биштов,2015-01-01,42005,16,Сто причин,0gJkFdgOaMdlrt7uVGuy5p,16,16,FR6V82113158
0.84,0.90,3.00,-2.83,0.00,0.10,0.26,0.00,0.30,0.96,104.99,1Bsy7xlp7wu4W0lJbxvXkU,248059,4,Друг без друга,Акиф Муртазалиев,2015-01-01,42005,1,Друг без друга,2CGT1DyeXPbSUiwwOeyV6U,4,1,FR96X1502365
0.80,0.61,9.00,-5.07,0.00,0.28,0.27,0.00,0.08,0.96,79.99,3qpaFWTehtRPA78PZS70eh,230644,4,Она ушла,Александр Гум,2015-01-01,42005,7,Она ушла,6ID0BcapJCyGG8067UWSEO,12,1,FR6V82688863
0.73,0.85,9.00,-5.27,0.00,0.23,0.76,0.00,0.27,0.92,87.00,2gdpmoVm7vHHM1J1GltGxH,246979,4,Курить не брошу,Александр Гум,2015-01-01,42005,1,Она ушла,6ID0BcapJCyGG8067UWSEO,12,4,FR6V82113154
0.69,0.78,11.00,-5.98,0.00,0.16,0.37,0.00,0.35,0.97,95.01,6i9FEDDVHcVfOhMF7PmkaH,223033,4,Прощаюсь,Александр Гум,2015-01-01,42005,2,Она ушла,6ID0BcapJCyGG8067UWSEO,12,2,FR6V82720194
0.67,0.90,4.00,-6.62,0.00,0.05,0.04,0.00,0.22,0.58,115.01,4TcwfkoXaf5Hlaxtg96iLA,276663,4,Седой мамлюк,Руслан Агоев,2015-01-01,42005,4,Волкодав,7EBrib4MA5hCJBaJvV3lir,27,4,FR10S1633806
0.78,0.82,9.00,-7.55,0.00,0.06,0.10,0.00,0.12,0.91,127.96,5ftGD3jh1ts7dC5b7XXPNY,256003,4,La la la,Arman -Super Saqo,2014-11-24,41967,3,La la la,2uhH0mwpYdtvww1gDipnW6,1,1,RUA640902967
0.64,0.90,5.00,-3.34,0.00,0.11,0.31,0.00,0.16,0.91,79.68,6xc0hFDXA4nuO74mB7xX8D,288287,4,На дискотеку!,Султан-Ураган,2014-11-23,41966,50,На дискотеку!,6CbqzviZ9Iw6gwzOxFVLvG,1,1,FR2X41433859
0.84,0.94,11.00,-2.10,0.00,0.12,0.26,0.00,0.09,0.77,95.06,1LkDCQPAtr3hawtfRk7lSd,295333,4,Ararate Mer Lerna,Vardanik,2014-08-09,41860,13,Ararate Mer Lerna,0JJOckxGxieSPwy5Lgga0n,13,1,FR59R1659739
0.87,0.81,10.00,-7.74,0.00,0.04,0.18,0.00,0.40,0.98,128.00,2bbdSoQkpcpOwudOKVevBv,183284,4,Пьяная ночь - Remix,Разные исполнители,2014-07-04,41824,1,"Дискотека ""Кавказ""",0LyfQWJT6nXafLPZqxe9Of,22,10,FR6V82612486
0.65,0.90,3.00,-4.75,0.00,0.04,0.13,0.00,0.34,0.95,105.02,1cUFEGuFefkMnmu0I7IBPL,253039,4,Грустные глаза,Алина Евкурова,2014-02-20,41690,1,Разожгу огонь,2MISSwkSlUDylftVqLnxcO,18,10,FR6V82321882
0.61,0.72,4.00,-5.84,0.00,0.11,0.62,0.00,0.09,0.45,155.89,5EHcbiLR33htv9VPiSmfET,298894,4,Я не верю,Анора,2014-01-01,41640,3,Я выдумала рай,033WOyzTQ2jNS6GtBMbktu,19,19,FR10S1437647
0.71,0.91,11.00,-4.64,0.00,0.05,0.08,0.00,0.32,0.73,117.01,124BWEtb7lmyyeeAr2mnoM,232571,4,Любимый край,Разные исполнители,2014-01-01,41640,1,Танцевальный блеск лезгинки,0LyfQWJT6nXafLPZqxe9Of,22,6,FR6V82679809
0.84,0.78,5.00,-7.16,0.00,0.07,0.27,0.00,0.04,0.96,127.97,6cDGH5tlDOsIdzWhHR3H3J,199262,4,Кавказские ночи,Разные исполнители,2014-01-01,41640,0,100% Dance Party Кавказ,0LyfQWJT6nXafLPZqxe9Of,22,5,FR6V82355743
0.66,0.92,7.00,-8.05,0.00,0.09,0.02,0.00,0.18,0.66,115.04,1vQa0uhbu5Gcl9XlC4wdPe,199854,4,Хулиган,Разные исполнители,2014-01-01,41640,10,"Танцевальная планета Кавказ, Vol. 2",0LyfQWJT6nXafLPZqxe9Of,24,3,FR6V82355751
0.69,0.84,4.00,-6.55,0.00,0.07,0.00,0.13,0.19,0.91,107.03,1qbmxzDssHSvz08FawFzwO,175804,4,Милая,Разные исполнители,2014-01-01,41640,0,Танцевальная планета Кавказ,0LyfQWJT6nXafLPZqxe9Of,24,18,FR6V81995200
0.57,0.65,1.00,-4.36,0.00,0.03,0.37,0.00,0.51,0.61,149.95,57lLkr7OMdEQ4DLKY3gxOk,307580,4,Скажи хоть слово,Разные исполнители,2013-11-08,41586,0,"Лирика, шансон, любовь и зеленые глаза",0LyfQWJT6nXafLPZqxe9Of,28,12,FR6V81954882
0.72,0.62,9.00,-11.98,0.00,0.03,0.07,0.00,0.31,0.94,135.00,3aTchTVFlrHNOdiDLOoY91,206667,4,Жила-была одна семья,Разные исполнители,2013-11-08,41586,14,"Лирика, шансон, любовь и зеленые глаза",0LyfQWJT6nXafLPZqxe9Of,28,7,FR6V82195503
0.77,0.90,7.00,-4.86,0.00,0.04,0.02,0.00,0.06,0.91,110.03,1KYvbXpWulLcnMIt0nEPex,222041,4,Салам алейкум,Разные исполнители,2013-10-22,41569,3,KAVKAZ (The Best),0LyfQWJT6nXafLPZqxe9Of,25,6,FR6V82060005
0.89,0.90,7.00,-6.94,0.00,0.06,0.09,0.00,0.03,0.97,116.98,6GtRZZsi9auCzlCfloLybT,269560,4,Чайки стонут,Вячеслав Евтых,2013-10-07,41554,0,Девушка гор,0RElJSh6DbeB0M1VKRuqVS,22,13,FR6V82004495
0.87,0.88,7.00,-6.26,1.00,0.16,0.02,0.01,0.17,0.52,130.96,0uLm1zWUTluuN8QwyPmRzk,232491,4,Кавказские ночи,Разные исполнители,2013-10-03,41550,0,Горячие Ночи Кавказа,0LyfQWJT6nXafLPZqxe9Of,25,11,FR6V81999896
0.77,0.85,2.00,-7.14,0.00,0.05,0.02,0.00,0.10,0.69,127.99,6Tb0JJiPsNy0xg2x5SusIB,242908,4,Цыганочка,Разные исполнители,2013-09-30,41547,7,"Кавказский шансон, Ч. 2",0LyfQWJT6nXafLPZqxe9Of,24,6,FR6V81998434
0.66,0.83,1.00,-6.59,0.00,0.04,0.04,0.00,0.29,0.89,99.85,6wDKXNdHofRmQzm5LMIu3e,234714,4,Мама-джан,Разные исполнители,2013-09-29,41546,8,"Кавказский шансон, Ч. 1",0LyfQWJT6nXafLPZqxe9Of,25,6,FR6V81997568
0.52,0.95,8.00,-5.84,0.00,0.04,0.34,0.00,0.10,0.96,169.98,6J07kHEtxM29cj3MJO3DxR,184893,4,Подари,Разные исполнители,2013-09-29,41546,2,"Кавказский шансон, Ч. 1",0LyfQWJT6nXafLPZqxe9Of,25,15,FR6V81959527
0.69,0.92,2.00,-7.16,0.00,0.06,0.30,0.00,0.08,0.97,100.03,48FZDyWYsXM5f7ZxnIe2Tw,204855,4,Дым сигарет,Разные исполнители,2013-09-28,41545,0,"Ресторанные хиты Юга, Ч. 3",0LyfQWJT6nXafLPZqxe9Of,25,21,FR6V81954519
0.66,0.88,2.00,-5.67,0.00,0.06,0.23,0.00,0.20,0.85,95.04,2dpDytQGP8hBrDyL52Nzkd,188181,4,Любовь-воровка,Азамат Биштов,2013-09-22,41539,11,Между Двух Сердец,0gJkFdgOaMdlrt7uVGuy5p,18,1,FR6V81986450
0.65,0.52,0.00,-7.98,0.00,0.03,0.51,0.00,0.17,0.54,134.05,3ODwmmonGKYwJpDL2PwDXj,233192,4,Не моя,Магамет Дзыбов,2013-09-22,41539,15,Черкес,2E8f68sEr0xCkFTAKGFCIf,18,14,FR6V81959517
0.63,0.90,7.00,-8.90,0.00,0.22,0.34,0.00,0.14,0.29,124.97,4OgC4Xp6o30voia6bdkkMV,227981,4,Тихо море шумит,Магамет Дзыбов,2013-09-22,41539,6,Черкес,2E8f68sEr0xCkFTAKGFCIf,18,4,FR6V81986439
0.74,0.75,9.00,-7.83,0.00,0.10,0.29,0.00,0.32,0.87,90.03,0lhLYM6orAJkRBztv060LR,197217,4,Я за тебя воюю,Магамет Дзыбов,2013-09-22,41539,7,Черкес,2E8f68sEr0xCkFTAKGFCIf,18,5,FR6V81971611
0.71,0.90,1.00,-4.94,1.00,0.05,0.00,0.25,0.35,0.72,130.01,2yWGaioSBiMeQ53sspG9Lv,205915,4,Салам алейкум - Remix,Разные исполнители,2013-09-20,41537,0,"Caucasian Hit, Vol. 5",0LyfQWJT6nXafLPZqxe9Of,25,4,FR6V81985267
0.46,0.86,6.00,-6.82,0.00,0.05,0.02,0.00,0.21,0.70,107.72,615FnDDl7pWlV1vOS7qms3,270123,4,Голубка,Братья Шахунц,2013-09-11,41528,19,Голубка,1KZoAVBJGMOYwfqhuYIANS,24,8,FR6V81977479
0.74,0.74,9.00,-7.56,0.00,0.03,0.19,0.00,0.08,0.63,131.99,2xpML0wT3PpE7pqU2Jri95,264045,4,Жених и невеста,Братья Шахунц,2013-09-11,41528,10,Голубка,1KZoAVBJGMOYwfqhuYIANS,24,3,FR6V81977474
0.59,0.52,0.00,-10.01,0.00,0.05,0.35,0.00,0.09,0.37,177.98,7HXwuBRKFHt13p1Yu7vZv4,250837,3,Судьба,Братья Шахунц,2013-09-11,41528,6,Голубка,1KZoAVBJGMOYwfqhuYIANS,24,12,FR6V81977483
0.72,0.76,6.00,-5.14,0.00,0.17,0.04,0.00,0.06,0.81,168.01,22VpLGuqVCIjml8JtCYBx9,198950,4,Сердце пойми,Разные исполнители,2013-09-04,41521,0,"Лучшая лирика Кавказа, Ч. 3",0LyfQWJT6nXafLPZqxe9Of,24,19,FR6V81954433
0.87,0.71,7.00,-7.79,1.00,0.15,0.04,0.81,0.07,0.93,129.96,74DJEfR1mHk5Wa64SXemfg,197939,4,Lezginka,Аслан Тлебзу,2013-05-02,41396,19,ETHNO-Symphony,5cGxn5mQM1wdid76oP5bjf,16,3,FR6V81947175
0.72,0.76,2.00,-8.16,0.00,0.03,0.67,0.00,0.61,0.90,142.01,5rBLEPKSuC9rTACG9TidDy,203424,4,Задыхаюсь - 2013,Анжелика Начесова,2013-04-22,41386,8,Задыхаюсь (2013),7hE9HI7twrdvLDhgT1MELx,1,1,RUA591200355
0.41,0.39,9.00,-12.71,0.00,0.04,0.68,0.00,0.19,0.38,109.57,7LCSrjMStJYFqQYimHA7A8,234057,4,Только у любимой,Daniko,2013-02-20,41325,4,Ностальгия,4KBFA8bU75R99g6Iwlw66t,3,2,USWMA9027997
0.68,0.94,4.00,-4.81,0.00,0.04,0.00,0.93,0.16,0.76,119.98,4mzPR39yUFynof7gE8lfVM,194375,4,Лезгинка,Разные исполнители,2013-01-01,41275,3,"1000% Лезгинки Кавказа, Ч. 2",0LyfQWJT6nXafLPZqxe9Of,23,5,FR6V81999299
0.69,0.83,6.00,-5.99,0.00,0.03,0.18,0.00,0.10,0.92,132.99,0xRlxSV0o8Qp0lUqMB0Hvp,245342,4,Любимой,Разные исполнители,2013-01-01,41275,3,"Лучшая лирика Кавказа, Ч. 2",0LyfQWJT6nXafLPZqxe9Of,23,18,FR6V81954589
0.58,0.94,9.00,-4.56,1.00,0.20,0.03,0.00,0.07,0.87,200.05,39SThewR1bSvDzohZLEBb0,253561,4,Кабарда,Азамат Закураев,2013-01-01,41275,0,Первый,7FxJiqc43m01oYPVWB6HBZ,13,1,FR6V81986463
0.80,0.87,7.00,-6.64,0.00,0.04,0.08,0.00,0.03,0.96,120.00,4haN2SuNYXoDv5RPrYzKxG,207186,4,Корочка льда,Айдамир Эльдаров,2013-01-01,41275,6,Боль утихнет,5hZ45bt97lUxyog80u54zs,20,7,FR6V81947095
0.72,0.88,2.00,-4.92,0.00,0.08,0.14,0.00,0.33,0.48,100.02,3g6DoR4sQ2CfqpXlPDQn12,219739,4,Кудрявая,Айдамир Эльдаров,2013-01-01,41275,2,Боль утихнет,5hZ45bt97lUxyog80u54zs,20,2,FR6V81947090
0.80,0.95,10.00,-2.77,0.00,0.06,0.07,0.00,0.07,0.85,115.05,4u4ymuXSeSXOaq2AyfEnNB,178433,4,Позабудь,Разные исполнители,2013-01-01,41275,0,"Танцуй, Кавказ!",0LyfQWJT6nXafLPZqxe9Of,24,20,FR6V81995182
0.67,0.92,9.00,-5.62,0.00,0.05,0.08,0.00,0.09,0.56,114.99,13dx64Xy1QDCOfgMc6d2z4,197637,4,Злая судьба,Разные исполнители,2013-01-01,41275,0,Хитовое лето Кавказа,0LyfQWJT6nXafLPZqxe9Of,21,14,FR6V81934752
0.70,0.96,5.00,-4.26,0.00,0.03,0.08,0.00,0.32,0.93,124.97,3Ht5yEo1xFoExj9WxBO1Wz,212481,4,Дочь Кавказа,Разные исполнители,2013-01-01,41275,0,"Caucasian Hit, Vol. 2",0LyfQWJT6nXafLPZqxe9Of,25,23,FR6V81980434
0.68,0.96,7.00,-3.10,0.00,0.03,0.05,0.00,0.28,0.96,135.00,04F3q46tFs9wTyzmQqm3Xp,224723,4,О любви,Разные исполнители,2013-01-01,41275,0,"Танцуй, Кавказ!",0LyfQWJT6nXafLPZqxe9Of,24,3,FR6V81973293
0.75,0.80,2.00,-3.35,0.00,0.03,0.03,0.00,0.09,0.80,125.01,0BvWTtrwiKDBj1UQbhrD1s,206289,4,Цыганочка,Разные исполнители,2013-01-01,41275,0,"Ресторанные хиты Юга, Ч. 2",0LyfQWJT6nXafLPZqxe9Of,23,3,FR6V81995190
0.49,0.78,9.00,-5.15,0.00,0.05,0.61,0.00,0.44,0.60,180.10,2TmDXLWClXi8MCGazHCofC,272998,3,Веза сан йиш йоцу везар,Тамара Дадашева,2013-01-01,41275,3,Къера дуй,0UomUj7mlFAijRj6PrwopR,27,8,FR6V81999005
0.68,0.96,4.00,-3.02,0.00,0.11,0.53,0.00,0.45,0.82,111.03,0gPfG5iwOwIv27iGumWzaa,208432,4,Iодика йойла,Тамара Дадашева,2013-01-01,41275,2,Къера дуй,0UomUj7mlFAijRj6PrwopR,27,6,FR6V81999003
0.69,0.95,5.00,-4.70,0.00,0.30,0.27,0.00,0.13,0.82,122.11,0luMJgR69edcfmTFvVT8Ci,216004,4,Веселей,Разные исполнители,2013-01-01,41275,0,Хитовое лето Кавказа,0LyfQWJT6nXafLPZqxe9Of,21,18,FR6V81934757
0.54,0.82,3.00,-3.56,0.00,0.04,0.62,0.00,0.11,0.41,73.02,0e6QM29HK62j5YNQKUk8Cr,223356,4,Прошу вернись,Хасбулат Рахманов,2013-01-01,41275,6,Помни обо мне,5uzJhvnoXNARehwwNi0DwA,30,4,FR6V82004382
0.69,0.67,4.00,-3.35,0.00,0.04,0.24,0.00,0.25,0.42,144.16,17bZmtuDLPdKJxWcwgmwYY,259985,4,Только ты,Хасбулат Рахманов,2013-01-01,41275,0,Помни обо мне,5uzJhvnoXNARehwwNi0DwA,30,15,FR6V82004389
0.74,0.64,5.00,-6.60,0.00,0.04,0.38,0.00,0.08,0.73,89.96,1dBRI1ZaLWDevJJwVPjnud,288078,4,Чародейка,Эльбрус Джанмирзоев,2013-01-01,41275,27,Сборник,4bnu8BeqS4NtzlJ006evSr,11,5,RUB421307462
0.52,0.71,5.00,-12.98,0.00,0.10,0.09,0.81,0.09,0.18,189.98,1qtGAQnWLMMXbM2fSlnHBw,250695,4,Песня джигита,Разные исполнители,2012-01-01,40909,4,"Лучшая кавказская гармошка, ч. 1",0LyfQWJT6nXafLPZqxe9Of,26,22,FR6V81945325
0.68,0.99,0.00,-4.39,1.00,0.06,0.03,0.79,0.29,0.65,100.08,3IDYwNyK1kXLRLSJUxLpYp,300972,4,Моя Теберда,Разные исполнители,2012-01-01,40909,5,"Лучшая кавказская гармошка, ч. 2",0LyfQWJT6nXafLPZqxe9Of,25,2,FR6V81945332
0.60,0.78,5.00,-7.50,0.00,0.39,0.73,0.00,0.24,0.54,150.22,5Urov67Rke4BGKKkuVT8jy,231569,4,Dagestan (Remix),Sabine Kors,2009-04-15,39918,39,Dagestan (Remix),1mMWW9EPf4RbcJv78HfndW,1,1,TCADO1835011
0.57,0.92,10.00,-5.56,0.00,0.11,0.27,0.00,0.18,0.78,187.34,1Ti90cOssG6eNQ7sBwulK9,208039,3,Красивая армянка,Спартак Арутюнян,2009-01-01,39814,3,Армения,21C7xdPTY794Ekw4PzakmC,11,3,GBLPF0082067
0.45,0.89,8.00,-4.50,0.00,0.12,0.71,0.00,0.26,0.65,147.67,14Y05tWgK0pIGlccWdIHsj,236826,4,Погасли свечи,Тимур Муцураев,2001-01-01,36892,17,Воздух воли не обнять,2gpg8gZUAYGGVIKBSVbjX6,10,4,GBLPF0098506